,Author,ISBN,Previous Rank,Price,Rank,Title,Weeks on List,Category
0,R.J. Palacio,9781524720193.0,,16.99,1,Wonder,,Early & Middle
1,Andy Weir,9780553448122.0,1.0,27.0,1,Artemis,7.0,Hardcover Fiction
2,Walter Isaacson,9781501139154.0,1.0,35.0,1,Leonardo da Vinci,11.0,Hardcover Nonfiction
3,Michael Crichton,9780062473363.0,1.0,9.99,1,Dragon Teeth,5.0,Mass Market
4,Anthony Doerr,9781501173219.0,1.0,17.0,1,All the Light We Cannot See,39.0,Trade Paperback Fiction
5,Jen Sincero,9780762447695.0,1.0,16.0,1,You Are a Badass,128.0,Trade Paperback Nonfiction
6,John Green,9780525555360.0,,19.99,1,Turtles All the Way Down,,Young Adult
7,Madeleine L'Engle,9781250153272.0,,8.99,2,A Wrinkle in Time,,Early & Middle
8,Dan Brown,9780385514231.0,2.0,29.95,2,Origin,13.0,Hardcover Fiction
9,Neil deGrasse Tyson,9780393609394.0,2.0,18.95,2,Astrophysics for People in a Hurry,35.0,Hardcover Nonfiction
10,John Grisham,9781101967683.0,2.0,9.99,2,The Whistler,25.0,Mass Market
11,Rupi Kaur,9781449486792.0,2.0,16.99,2,The Sun and Her Flowers,13.0,Trade Paperback Fiction
12,Atul Gawande,9781250076229.0,2.0,16.0,2,Being Mortal,17.0,Trade Paperback Nonfiction
13,Angie Thomas,9780062498533.0,,17.99,2,The Hate U Give,,Young Adult
14,R.J. Palacio,9781101934852.0,,16.99,3,Auggie & Me,,Early & Middle
15,Amor Towles,9780670026197.0,4.0,27.0,3,A Gentleman in Moscow,69.0,Hardcover Fiction
16,Mark Manson,9780062457714.0,6.0,24.99,3,The Subtle Art of Not Giving A F*ck,39.0,Hardcover Nonfiction
17,Agatha Christie,9780062693662.0,3.0,9.99,3,Murder on the Orient Express,9.0,Mass Market
18,Rupi Kaur,9781449474256.0,4.0,14.99,3,Milk and Honey,69.0,Trade Paperback Fiction
19,Peter Frankopan,9781101912379.0,5.0,20.0,3,The Silk Roads,5.0,Trade Paperback Nonfiction
20,Philip Pullman,9780375815300.0,,22.99,3,The Book of Dust: La Belle Sauvage,,Young Adult
21,Kelly Barnhill,9781616205676.0,,16.95,4,The Girl Who Drank the Moon,,Early & Middle
22,Jesmyn Ward,9781501126062.0,7.0,26.0,4,"Sing, Unburied, Sing",13.0,Hardcover Fiction
23,Ron Chernow,9781594204876.0,3.0,40.0,4,Grant,12.0,Hardcover Nonfiction
24,James Patterson,9781478944782.0,,9.99,4,Never Never,1.0,Mass Market
25,Ruth Ware,9781501132957.0,6.0,16.0,4,The Woman in Cabin 10,38.0,Trade Paperback Fiction
26,Douglas Preston,9781455540013.0,3.0,15.99,4,The Lost City of the Monkey God,16.0,Trade Paperback Nonfiction
27,Marissa Meyer,9781250044662.0,,19.99,4,Renegades,,Young Adult
28,Victoria Jamieson,9780525429999.0,,12.99,5,All's Faire in Middle School,,Early & Middle
29,Jennifer Egan,9781476716732.0,3.0,27.0,5,Manhattan Beach,13.0,Hardcover Fiction
30,Mary Beard,9781631494758.0,7.0,15.95,5,Women & Power: A Manifesto,3.0,Hardcover Nonfiction
31,Liane Moriarty,9780451490049.0,10.0,9.99,5,The Husband's Secret,24.0,Mass Market
32,Ernest Cline,9780307887443.0,3.0,16.0,5,Ready Player One,21.0,Trade Paperback Fiction
33,Michael Lewis,9780393354775.0,4.0,16.95,5,The Undoing Project,9.0,Trade Paperback Nonfiction
34,Nicola Yoon,9781524769604.0,,10.99,5,"Everything, Everything",,Young Adult
35,Raina Telgemeier,9780545326995.0,,10.99,6,Drama,,Early & Middle
36,John Grisham,9780385541176.0,6.0,28.95,6,The Rooster Bar,10.0,Hardcover Fiction
37,Joe Biden,9781250171672.0,4.0,27.0,6,"Promise Me, Dad",7.0,Hardcover Nonfiction
38,Danielle Steel,9781101883907.0,8.0,8.99,6,Dangerous Games,3.0,Mass Market
39,Margaret Atwood,9780525435006.0,7.0,15.95,6,The Handmaid's Tale,36.0,Trade Paperback Fiction
40,Jonah Berger,9781476759739.0,9.0,16.0,6,Invisible Influence,28.0,Trade Paperback Nonfiction
41,Robin Benway,9780062330628.0,,17.99,6,Far From the Tree,,Young Adult
42,Pablo Hidalgo,9781465455512.0,,22.99,7,Star Wars the Last Jedi: The Visual Dictionary,,Early & Middle
43,Celeste Ng,9780735224292.0,8.0,27.0,7,Little Fires Everywhere,16.0,Hardcover Fiction
44,Ta-Nehisi Coates,9780399590566.0,8.0,28.0,7,We Were Eight Years in Power,13.0,Hardcover Nonfiction
45,Ernest Cline,9781524763282.0,5.0,9.99,7,Ready Player One,9.0,Mass Market
46,Min Jin Lee,9781455563920.0,8.0,15.99,7,Pachinko,7.0,Trade Paperback Fiction
47,Alexandra Horowitz,9781476796024.0,6.0,17.0,7,Being a Dog,11.0,Trade Paperback Nonfiction
48,Marie Lu,9780399547966.0,,18.99,7,Warcross,,Young Adult
49,Raina Telgemeier,9780545132060.0,,10.99,8,Smile,,Early & Middle
50,George Saunders,9780812995343.0,5.0,28.0,8,Lincoln in the Bardo,35.0,Hardcover Fiction
51,Ray Dalio,9781501124020.0,,30.0,8,Principles,6.0,Hardcover Nonfiction
52,Patrick Rothfuss,9780756404741.0,6.0,9.99,8,The Name of the Wind,49.0,Mass Market
53,Martha Hall Kelly,9781101883082.0,5.0,17.0,8,Lilac Girls,44.0,Trade Paperback Fiction
54,Timothy Snyder,9780804190114.0,7.0,7.99,8,On Tyranny,42.0,Trade Paperback Nonfiction
55,Nicola Yoon,9780553496680.0,,18.99,8,The Sun Is Also a Star,,Young Adult
56,Kimberly Brubaker Bradley,9780147510488.0,,8.99,9,The War That Saved My Life,,Early & Middle
57,Tom Hanks,9781101946152.0,9.0,26.95,9,Uncommon Type,11.0,Hardcover Fiction
58,Tiffany Haddish,9781501181825.0,,26.0,9,The Last Black Unicorn,1.0,Hardcover Nonfiction
59,Nicholas Sparks,9781478948377.0,,8.99,9,Safe Haven,1.0,Mass Market
60,Shari Lapena,9780735221109.0,11.0,16.0,9,The Couple Next Door,31.0,Trade Paperback Fiction
61,Doug Stanton,9781501178511.0,,18.0,9,12 Strong: The Declassified True Story of the Horse Soldiers,1.0,Trade Paperback Nonfiction
62,John Green,9780142424179.0,,12.99,9,The Fault in Our Stars,,Young Adult
63,Raina Telgemeier,9780545540629.0,,10.99,10,Ghosts,,Early & Middle
64,Isabel Allende,9781501178139.0,12.0,28.0,10,In the Midst of Winter,9.0,Hardcover Fiction
65,J.D. Vance,9780062300546.0,14.0,27.99,10,Hillbilly Elegy,70.0,Hardcover Nonfiction
66,Doug Stanton,9781501179952.0,,9.99,10,12 Strong,1.0,Mass Market
67,Fredrik Backman,9781476738024.0,9.0,16.0,10,A Man Called Ove,112.0,Trade Paperback Fiction
68,Robert Moor,9781476739236.0,8.0,16.0,10,On Trails,26.0,Trade Paperback Nonfiction
69,Ruta Sepetys,9780142423622.0,,10.99,10,Salt to the Sea,,Young Adult
70,Katherine Applegate,9781250043221.0,,16.99,11,Wishtree,,Early & Middle
71,Lee Child,9780399593482.0,10.0,28.99,11,The Midnight Line,8.0,Hardcover Fiction
72,David Grann,9780385534246.0,11.0,28.95,11,Killers of the Flower Moon,26.0,Hardcover Nonfiction
73,B.A. Paris,9781250132369.0,,16.99,11,Behind Closed Doors,25.0,Trade Paperback Fiction
74,Harvard Business School Press,9781633690196.0,,24.95,11,HBR's 10 Must Reads on Emotional Intelligence,70.0,Trade Paperback Nonfiction
75,Neal Shusterman,9781442472433.0,,11.99,11,Scythe,,Young Adult
76,R.J. Palacio,9780399559181.0,,9.99,12,365 Days of Wonder: Mr. Browne's Precepts,,Early & Middle
77,Neil Gaiman,9780393609097.0,13.0,25.95,12,Norse Mythology,31.0,Hardcover Fiction
78,Peter Wohlleben,9781771642484.0,10.0,24.95,12,The Hidden Life of Trees,60.0,Hardcover Nonfiction
79,Ann Patchett,9780062491831.0,14.0,16.99,12,Commonwealth,35.0,Trade Paperback Fiction
80,Ron Chernow,9780143034759.0,11.0,20.0,12,Alexander Hamilton,66.0,Trade Paperback Nonfiction
81,Markus Zusak,9780385754729.0,,12.99,12,The Book Thief,,Young Adult
82,Jessica Townsend,9780316508889.0,,17.99,13,Nevermoor: The Trials of Morrigan Crow,,Early & Middle
83,John le Carré,9780735225114.0,15.0,28.0,13,A Legacy of Spies,14.0,Hardcover Fiction
84,Peter Wohlleben,9781771643016.0,12.0,24.95,13,The Inner Life of Animals,7.0,Hardcover Nonfiction
85,Paulette Jiles,9780062409218.0,10.0,15.99,13,News of the World,23.0,Trade Paperback Fiction
86,Harvard Business School Press,9781422157992.0,,24.95,13,HBR's 10 Must Reads on Managing Yourself,50.0,Trade Paperback Nonfiction
87,Veronica Roth,9780062348647.0,,12.99,13,Carve the Mark,,Young Adult
88,Raina Telgemeier,9780545540605.0,,10.99,14,Sisters,,Early & Middle
89,Mary Oliver,9780399563249.0,11.0,30.0,14,Devotions,10.0,Hardcover Fiction
90,Chris Matthews,9781501111860.0,9.0,28.0,14,Bobby Kennedy: A Raging Spirit,9.0,Hardcover Nonfiction
91,Cynthia D'Aprix Sweeney,9780062414229.0,15.0,16.99,14,The Nest,38.0,Trade Paperback Fiction
92,Old Farmer's Almanac,9781571987358.0,10.0,7.95,14,The Old Farmer's Almanac 2018,5.0,Trade Paperback Nonfiction
93,Karen M. McManus,9781524714680.0,,17.99,14,One of Us Is Lying,,Young Adult
94,Pete Souza,9780316514392.0,,21.99,15,Dream Big Dreams: Photographs from Barack Obama's Inspiring and Historic Presidency,,Early & Middle
95,Mohsin Hamid,9780735212176.0,,26.0,15,Exit West,10.0,Hardcover Fiction
96,Hillary Rodham Clinton,9781501175565.0,13.0,30.0,15,What Happened,15.0,Hardcover Nonfiction
97,Viet Thanh Nguyen,9780802124944.0,13.0,16.0,15,The Sympathizer,56.0,Trade Paperback Fiction
98,Jennifer Ackerman,9780399563126.0,12.0,17.0,15,The Genius of Birds,31.0,Trade Paperback Nonfiction
99,John Green,9780525428022.0,,19.99,15,Looking for Alaska,,Young Adult
100,Madeleine L'Engle,9781250153272.0,,8.99,1,A Wrinkle in Time,,Early & Middle
101,Jesmyn Ward,9781501126062.0,4.0,26.0,1,"Sing, Unburied, Sing",14.0,Hardcover Fiction
102,Michael Wolff,9781250158062.0,,30.0,1,Fire and Fury: Inside the Trump White House,1.0,Hardcover Nonfiction
103,Lee Child,9780399593598.0,,9.99,1,No Middle Name,1.0,Mass Market
104,Rupi Kaur,9781449474256.0,3.0,14.99,1,Milk and Honey,70.0,Trade Paperback Fiction
105,Jen Sincero,9780762447695.0,1.0,16.0,1,You Are a Badass,129.0,Trade Paperback Nonfiction
106,John Green,9780525555360.0,,19.99,1,Turtles All the Way Down,,Young Adult
107,R.J. Palacio,9781524720193.0,,16.99,2,Wonder,,Early & Middle
108,Amor Towles,9780670026197.0,3.0,27.0,2,A Gentleman in Moscow,70.0,Hardcover Fiction
109,Neil deGrasse Tyson,9780393609394.0,2.0,18.95,2,Astrophysics for People in a Hurry,36.0,Hardcover Nonfiction
110,John Grisham,9781101967683.0,2.0,9.99,2,The Whistler,26.0,Mass Market
111,Min Jin Lee,9781455563920.0,7.0,15.99,2,Pachinko,8.0,Trade Paperback Fiction
112,Peter Frankopan,9781101912379.0,3.0,20.0,2,The Silk Roads,6.0,Trade Paperback Nonfiction
113,Angie Thomas,9780062498533.0,,17.99,2,The Hate U Give,,Young Adult
114,R.J. Palacio,9781101934852.0,,16.99,3,Auggie & Me,,Early & Middle
115,Dan Brown,9780385514231.0,2.0,29.95,3,Origin,14.0,Hardcover Fiction
116,Mark Manson,9780062457714.0,3.0,24.99,3,The Subtle Art of Not Giving A F*ck,40.0,Hardcover Nonfiction
117,Michael Crichton,9780062473363.0,1.0,9.99,3,Dragon Teeth,6.0,Mass Market
118,Rupi Kaur,9781449486792.0,2.0,16.99,3,The Sun and Her Flowers,14.0,Trade Paperback Fiction
119,Douglas Preston,9781455540013.0,4.0,15.99,3,The Lost City of the Monkey God,17.0,Trade Paperback Nonfiction
120,Philip Pullman,9780375815300.0,,22.99,3,The Book of Dust: La Belle Sauvage,,Young Adult
121,Kelly Barnhill,9781616205676.0,,16.95,4,The Girl Who Drank the Moon,,Early & Middle
122,Celeste Ng,9780735224292.0,7.0,27.0,4,Little Fires Everywhere,17.0,Hardcover Fiction
123,Walter Isaacson,9781501139154.0,1.0,35.0,4,Leonardo da Vinci,12.0,Hardcover Nonfiction
124,Agatha Christie,9780062693662.0,3.0,9.99,4,Murder on the Orient Express,10.0,Mass Market
125,Ruth Ware,9781501132957.0,4.0,16.0,4,The Woman in Cabin 10,39.0,Trade Paperback Fiction
126,Doug Stanton,9781501178511.0,9.0,18.0,4,12 Strong,2.0,Trade Paperback Nonfiction
127,Holly Black,9780316310277.0,,18.99,4,The Cruel Prince,,Young Adult
128,Victoria Jamieson,9780525429999.0,,12.99,5,All's Faire in Middle School,,Early & Middle
129,Jennifer Egan,9781476716732.0,5.0,27.0,5,Manhattan Beach,14.0,Hardcover Fiction
130,Mary Beard,9781631494758.0,5.0,15.95,5,Women & Power: A Manifesto,4.0,Hardcover Nonfiction
131,James Patterson,9781478944782.0,4.0,9.99,5,Never Never,2.0,Mass Market
132,Anthony Doerr,9781501173219.0,1.0,17.0,5,All the Light We Cannot See,40.0,Trade Paperback Fiction
133,Jonah Berger,9781476759739.0,6.0,16.0,5,Invisible Influence,29.0,Trade Paperback Nonfiction
134,Marissa Meyer,9781250044662.0,,19.99,5,Renegades,,Young Adult
135,Raina Telgemeier,9780545326995.0,,10.99,6,Drama,,Early & Middle
136,Andy Weir,9780553448122.0,1.0,27.0,6,Artemis,8.0,Hardcover Fiction
137,Tiffany Haddish,9781501181825.0,9.0,26.0,6,The Last Black Unicorn,2.0,Hardcover Nonfiction
138,Liane Moriarty,9780451490049.0,5.0,9.99,6,The Husband's Secret,25.0,Mass Market
139,Margaret Atwood,9780525435006.0,6.0,15.95,6,The Handmaid's Tale,37.0,Trade Paperback Fiction
140,Atul Gawande,9781250076229.0,2.0,16.0,6,Being Mortal,18.0,Trade Paperback Nonfiction
141,Nicola Yoon,9781524769604.0,,10.99,6,"Everything, Everything (An Indies Introduce Title)",,Young Adult
142,Kimberly Brubaker Bradley,9780147510488.0,,8.99,7,The War That Saved My Life,,Early & Middle
143,A.J. Finn,9780062678416.0,,26.99,7,The Woman in the Window- Debut,1.0,Hardcover Fiction
144,Ron Chernow,9781594204876.0,4.0,40.0,7,Grant,13.0,Hardcover Nonfiction
145,Liane Moriarty,9780451490445.0,,9.99,7,What Alice Forgot,1.0,Mass Market
146,Martha Hall Kelly,9781101883082.0,8.0,17.0,7,Lilac Girls,45.0,Trade Paperback Fiction
147,Alexandra Horowitz,9781476796024.0,7.0,17.0,7,Being a Dog,12.0,Trade Paperback Nonfiction
148,Marie Lu,9780399547966.0,,18.99,7,Warcross,,Young Adult
149,Raina Telgemeier,9780545132060.0,,10.99,8,Smile,,Early & Middle
150,George Saunders,9780812995343.0,8.0,28.0,8,Lincoln in the Bardo,36.0,Hardcover Fiction
151,Ray Dalio,9781501124020.0,8.0,30.0,8,Principles,7.0,Hardcover Nonfiction
152,Doug Stanton,9781501179952.0,10.0,9.99,8,12 Strong,2.0,Mass Market
153,Jessica Shattuck,9780062563675.0,,16.99,8,The Women in the Castle,1.0,Trade Paperback Fiction
154,Matthew Desmond,9780553447453.0,,17.0,8,Evicted,34.0,Trade Paperback Nonfiction
155,Neal Shusterman,9781442472433.0,,11.99,8,Scythe,,Young Adult
156,R.J. Palacio,9780399559181.0,,9.99,9,365 Days of Wonder: Mr. Browne's Precepts,,Early & Middle
157,John Grisham,9780385541176.0,6.0,28.95,9,The Rooster Bar,11.0,Hardcover Fiction
158,Joe Biden,9781250171672.0,6.0,27.0,9,"Promise Me, Dad",8.0,Hardcover Nonfiction
159,Nicholas Sparks,9781478948377.0,9.0,8.99,9,Safe Haven,2.0,Mass Market
160,Ernest Cline,9780307887443.0,5.0,16.0,9,Ready Player One,22.0,Trade Paperback Fiction
161,Timothy Snyder,9780804190114.0,8.0,7.99,9,On Tyranny,43.0,Trade Paperback Nonfiction
162,John Green,9780142424179.0,,12.99,9,The Fault in Our Stars,,Young Adult
163,Raina Telgemeier,9780545540605.0,,10.99,10,Sisters,,Early & Middle
164,Naomi Alderman,9780316547611.0,,26.0,10,The Power,1.0,Hardcover Fiction
165,J.D. Vance,9780062300546.0,10.0,27.99,10,Hillbilly Elegy,71.0,Hardcover Nonfiction
166,Danielle Steel,9781101883907.0,6.0,8.99,10,Dangerous Games,4.0,Mass Market
167,Shari Lapena,9780735221109.0,9.0,16.0,10,The Couple Next Door,32.0,Trade Paperback Fiction
168,Michael Lewis,9780393354775.0,5.0,16.95,10,The Undoing Project,10.0,Trade Paperback Nonfiction
169,Markus Zusak,9780385754729.0,,12.99,10,The Book Thief,,Young Adult
170,Pete Souza,9780316514392.0,,21.99,11,Dream Big Dreams: Photographs from Barack Obama's Inspiring and Historic Presidency,,Early & Middle
171,Mohsin Hamid,9780735212176.0,15.0,26.0,11,Exit West,11.0,Hardcover Fiction
172,David Grann,9780385534246.0,11.0,28.95,11,Killers of the Flower Moon,27.0,Hardcover Nonfiction
173,Paulette Jiles,9780062409218.0,13.0,15.99,11,News of the World,24.0,Trade Paperback Fiction
174,Harvard Business School Press,9781633690196.0,11.0,24.95,11,HBR's 10 Must Reads on Emotional Intelligence,71.0,Trade Paperback Nonfiction
175,Veronica Roth,9780062348647.0,,12.99,11,Carve the Mark,,Young Adult
176,Kimberly Brubaker Bradley,9780525429203.0,,16.99,12,The War I Finally Won,,Early & Middle
177,Isabel Allende,9781501178139.0,10.0,28.0,12,In the Midst of Winter,10.0,Hardcover Fiction
178,Ta-Nehisi Coates,9780399590566.0,7.0,28.0,12,We Were Eight Years in Power,14.0,Hardcover Nonfiction
179,Georgia Hunter,9780399563096.0,,16.0,12,We Were the Lucky Ones,1.0,Trade Paperback Fiction
180,Harvard Business School Press,9781422157992.0,13.0,24.95,12,HBR's 10 Must Reads on Managing Yourself,51.0,Trade Paperback Nonfiction
181,John Green,9780525428022.0,,19.99,12,Looking for Alaska,,Young Adult
182,Katherine Applegate,9781250043221.0,,16.99,13,Wishtree,,Early & Middle
183,Tom Hanks,9781101946152.0,9.0,26.95,13,Uncommon Type,12.0,Hardcover Fiction
184,The Dalai Lama,9780399185045.0,,26.0,13,The Book of Joy,42.0,Hardcover Nonfiction
185,Fredrik Backman,9781476738024.0,10.0,16.0,13,A Man Called Ove,113.0,Trade Paperback Fiction
186,Robert Moor,9781476739236.0,10.0,16.0,13,On Trails,27.0,Trade Paperback Nonfiction
187,Robin Benway,9780062330628.0,,17.99,13,Far From the Tree,,Young Adult
188,Shannon Hale & LeUyen Pham (Illus.),9781626727854.0,,12.99,14,Real Friends,,Early & Middle
189,Lee Child,9780399593482.0,11.0,28.99,14,The Midnight Line,9.0,Hardcover Fiction
190,Margareta Magnusson,9781501173240.0,,18.99,14,The Gentle Art of Swedish Death Cleaning: How to Free Yourself and Your Family from a Lifetime of Clutter,1.0,Hardcover Nonfiction
191,B.A. Paris,9781250132369.0,11.0,16.99,14,Behind Closed Doors,26.0,Trade Paperback Fiction
192,Luke Harding,9780525562511.0,,16.95,14,Collusion,2.0,Trade Paperback Nonfiction
193,Karen M. McManus,9781524714680.0,,17.99,14,One of Us Is Lying,,Young Adult
194,Victoria Jamieson,9780803740167.0,,12.99,15,Roller Girl,,Early & Middle
195,James Lee Burke,9781501176845.0,,27.99,15,Robicheaux,1.0,Hardcover Fiction
196,Peter Wohlleben,9781771642484.0,12.0,24.95,15,The Hidden Life of Trees,61.0,Hardcover Nonfiction
197,Ann Patchett,9780062491831.0,12.0,16.99,15,Commonwealth,36.0,Trade Paperback Fiction
198,Chimamanda Ngozi Adichie,9781101911761.0,,7.95,15,We Should All Be Feminists,78.0,Trade Paperback Nonfiction
199,Nic Stone,9781101939499.0,,17.99,15,Dear Martin,,Young Adult
200,Peter Heller,9781101973486.0,,16.0,16,Celine,,Trade Paperback Fiction
201,Madeleine L'Engle,9781250153272.0,,8.99,1,A Wrinkle in Time,,Early & Middle
202,Jesmyn Ward,9781501126062.0,1.0,26.0,1,"Sing, Unburied, Sing",15.0,Hardcover Fiction
203,Michael Wolff,9781250158062.0,1.0,30.0,1,Fire and Fury: Inside the Trump White House,2.0,Hardcover Nonfiction
204,Lee Child,9780399593598.0,1.0,9.99,1,No Middle Name,2.0,Mass Market
205,Min Jin Lee,9781455563920.0,2.0,15.99,1,Pachinko,9.0,Trade Paperback Fiction
206,Jen Sincero,9780762447695.0,1.0,16.0,1,You Are a Badass,130.0,Trade Paperback Nonfiction
207,John Green,9780525555360.0,,19.99,1,Turtles All the Way Down,,Young Adult
208,R.J. Palacio,9781524720193.0,,16.99,2,Wonder,,Early & Middle
209,Chloe Benjamin,9780735213180.0,,26.0,2,The Immortalists- Debut,1.0,Hardcover Fiction
210,Neil deGrasse Tyson,9780393609394.0,2.0,18.95,2,Astrophysics for People in a Hurry,37.0,Hardcover Nonfiction
211,Michael Crichton,9780062473363.0,3.0,9.99,2,Dragon Teeth,7.0,Mass Market
212,Jessica Shattuck,9780062563675.0,8.0,16.99,2,The Women in the Castle,2.0,Trade Paperback Fiction
213,Peter Frankopan,9781101912379.0,2.0,20.0,2,The Silk Roads,7.0,Trade Paperback Nonfiction
214,Angie Thomas,9780062498533.0,,17.99,2,The Hate U Give,,Young Adult
215,R.J. Palacio,9781101934852.0,,16.99,3,Auggie & Me,,Early & Middle
216,A.J. Finn,9780062678416.0,7.0,26.99,3,The Woman in the Window,2.0,Hardcover Fiction
217,Mark Manson,9780062457714.0,3.0,24.99,3,The Subtle Art of Not Giving A F*ck,41.0,Hardcover Nonfiction
218,John Grisham,9781101967683.0,2.0,9.99,3,The Whistler,27.0,Mass Market
219,Margaret Atwood,9780525435006.0,6.0,15.95,3,The Handmaid's Tale,38.0,Trade Paperback Fiction
220,Douglas Preston,9781455540013.0,3.0,15.99,3,The Lost City of the Monkey God,18.0,Trade Paperback Nonfiction
221,Philip Pullman,9780375815300.0,,22.99,3,The Book of Dust: La Belle Sauvage,,Young Adult
222,Victoria Jamieson,9780525429999.0,,12.99,4,All's Faire in Middle School,,Early & Middle
223,Celeste Ng,9780735224292.0,4.0,27.0,4,Little Fires Everywhere,18.0,Hardcover Fiction
224,Walter Isaacson,9781501139154.0,4.0,35.0,4,Leonardo da Vinci,13.0,Hardcover Nonfiction
225,James Patterson,9781478944782.0,5.0,9.99,4,Never Never,3.0,Mass Market
226,Anthony Doerr,9781501173219.0,5.0,17.0,4,All the Light We Cannot See,41.0,Trade Paperback Fiction
227,Atul Gawande,9781250076229.0,6.0,16.0,4,Being Mortal,19.0,Trade Paperback Nonfiction
228,Holly Black,9780316310277.0,,18.99,4,The Cruel Prince,,Young Adult
229,Kelly Barnhill,9781616205676.0,,16.95,5,The Girl Who Drank the Moon,,Early & Middle
230,Amor Towles,9780670026197.0,2.0,27.0,5,A Gentleman in Moscow,71.0,Hardcover Fiction
231,Tiffany Haddish,9781501181825.0,6.0,26.0,5,The Last Black Unicorn,3.0,Hardcover Nonfiction
232,Doug Stanton,9781501179952.0,8.0,9.99,5,12 Strong,3.0,Mass Market
233,Ruth Ware,9781501132957.0,4.0,16.0,5,The Woman in Cabin 10,40.0,Trade Paperback Fiction
234,Doug Stanton,9781501178511.0,4.0,18.0,5,12 Strong,3.0,Trade Paperback Nonfiction
235,Nicola Yoon,9781524769604.0,,10.99,5,"Everything, Everything (An Indies Introduce Title)",,Young Adult
236,Kimberly Brubaker Bradley,9780147510488.0,,8.99,6,The War That Saved My Life,,Early & Middle
237,Dan Brown,9780385514231.0,3.0,29.95,6,Origin,15.0,Hardcover Fiction
238,Mary Beard,9781631494758.0,5.0,15.95,6,Women & Power,5.0,Hardcover Nonfiction
239,Liane Moriarty,9780451490049.0,6.0,9.99,6,The Husband's Secret,26.0,Mass Market
240,Rupi Kaur,9781449486792.0,3.0,16.99,6,The Sun and Her Flowers,15.0,Trade Paperback Fiction
241,Jonah Berger,9781476759739.0,5.0,16.0,6,Invisible Influence,30.0,Trade Paperback Nonfiction
242,Marissa Meyer,9781250044662.0,,19.99,6,Renegades,,Young Adult
243,Katherine Applegate,9781250043221.0,,16.99,7,Wishtree,,Early & Middle
244,Andy Weir,9780553448122.0,6.0,27.0,7,Artemis,9.0,Hardcover Fiction
245,Ron Chernow,9781594204876.0,7.0,40.0,7,Grant,14.0,Hardcover Nonfiction
246,Steve Berry,9781250058461.0,,9.99,7,The Lost Order- Debut,1.0,Mass Market
247,Rupi Kaur,9781449474256.0,1.0,14.99,7,Milk and Honey,71.0,Trade Paperback Fiction
248,Timothy Snyder,9780804190114.0,9.0,7.99,7,On Tyranny,44.0,Trade Paperback Nonfiction
249,John Green,9780525428022.0,,19.99,7,Looking for Alaska,,Young Adult
250,Pete Souza,9780316514392.0,,21.99,8,Dream Big Dreams: Photographs from Barack Obama's Inspiring and Historic Presidency,,Early & Middle
251,Jennifer Egan,9781476716732.0,5.0,27.0,8,Manhattan Beach,15.0,Hardcover Fiction
252,Joe Biden,9781250171672.0,9.0,27.0,8,"Promise Me, Dad",9.0,Hardcover Nonfiction
253,Liane Moriarty,9780451490445.0,7.0,9.99,8,What Alice Forgot,2.0,Mass Market
254,Ernest Cline,9780307887443.0,9.0,16.0,8,Ready Player One,23.0,Trade Paperback Fiction
255,Matthew Desmond,9780553447453.0,8.0,17.0,8,Evicted,35.0,Trade Paperback Nonfiction
256,Markus Zusak,9780385754729.0,,12.99,8,The Book Thief,,Young Adult
257,Kimberly Brubaker Bradley,9780525429203.0,,16.99,9,The War I Finally Won,,Early & Middle
258,George Saunders,9780812995343.0,8.0,28.0,9,Lincoln in the Bardo,37.0,Hardcover Fiction
259,Ray Dalio,9781501124020.0,8.0,30.0,9,Principles: Life and Work,8.0,Hardcover Nonfiction
260,Agatha Christie,9780062693662.0,4.0,9.99,9,Murder on the Orient Express,11.0,Mass Market
261,Georgia Hunter,9780399563096.0,12.0,16.0,9,We Were the Lucky Ones,2.0,Trade Paperback Fiction
262,Harvard Business School Press,9781633690196.0,11.0,24.95,9,HBR's 10 Must Reads on Emotional Intelligence,72.0,Trade Paperback Nonfiction
263,Sherman Alexie,9780316013697.0,,15.99,9,The Absolutely True Diary of a Part-Time Indian,,Young Adult
264,Victoria Jamieson,9780803740167.0,,12.99,10,Roller Girl,,Early & Middle
265,Naomi Alderman,9780316547611.0,10.0,26.0,10,The Power,2.0,Hardcover Fiction
266,J.D. Vance,9780062300546.0,10.0,27.99,10,Hillbilly Elegy,72.0,Hardcover Nonfiction
267,Nicholas Sparks,9781478948377.0,9.0,8.99,10,Safe Haven,3.0,Mass Market
268,Shari Lapena,9780735221109.0,10.0,16.0,10,The Couple Next Door,33.0,Trade Paperback Fiction
269,Alexandra Horowitz,9781476796024.0,7.0,17.0,10,Being a Dog,13.0,Trade Paperback Nonfiction
270,Karen M. McManus,9781524714680.0,,17.99,10,One of Us Is Lying,,Young Adult
271,Sara Pennypacker & Jon Klassen (Illus.),9780062377012.0,,16.99,11,Pax,,Early & Middle
272,John Grisham,9780385541176.0,9.0,28.95,11,The Rooster Bar,12.0,Hardcover Fiction
273,The Dalai Lama,9780399185045.0,13.0,26.0,11,The Book of Joy,43.0,Hardcover Nonfiction
274,Martha Hall Kelly,9781101883082.0,7.0,17.0,11,Lilac Girls,46.0,Trade Paperback Fiction
275,Harvard Business School Press,9781422157992.0,12.0,24.95,11,HBR's 10 Must Reads on Managing Yourself,52.0,Trade Paperback Nonfiction
276,Marie Lu,9780399547966.0,,18.99,11,Warcross,,Young Adult
277,Raina Telgemeier,9780545326995.0,,10.99,12,Drama,,Early & Middle
278,Greer Hendricks,9781250130921.0,,26.99,12,The Wife Between Us- Debut,1.0,Hardcover Fiction
279,Brene Brown,9780812995848.0,,28.0,12,Braving the Wilderness,9.0,Hardcover Nonfiction
280,Paulette Jiles,9780062409218.0,11.0,15.99,12,News of the World,25.0,Trade Paperback Fiction
281,Michael Lewis,9780393354775.0,10.0,16.95,12,The Undoing Project,11.0,Trade Paperback Nonfiction
282,Ruta Sepetys,9780142423622.0,,10.99,12,Salt to the Sea,,Young Adult
283,Raina Telgemeier,9780545540605.0,,10.99,13,Sisters,,Early & Middle
284,Lee Child,9780399593482.0,14.0,28.99,13,The Midnight Line,10.0,Hardcover Fiction
285,Daniel H. Pink,9780735210622.0,,28.0,13,When: The Scientific Secrets of Perfect Timing- Debut,1.0,Hardcover Nonfiction
286,Peter Heller,9781101973486.0,,16.0,13,Celine- Debut,1.0,Trade Paperback Fiction
287,Joan Didion,9780525434191.0,,15.0,13,South and West: From a Notebook- Debut,1.0,Trade Paperback Nonfiction
288,John Green,9780142424179.0,,12.99,13,The Fault in Our Stars,,Young Adult
289,Vashti Harrison,9780316475112.0,,16.99,14,Little Leaders: Bold Women in Black History- Debut,,Early & Middle
290,Tom Hanks,9781101946152.0,13.0,26.95,14,Uncommon Type,13.0,Hardcover Fiction
291,David Grann,9780385534246.0,11.0,28.95,14,Killers of the Flower Moon,28.0,Hardcover Nonfiction
292,Andre Aciman,9781250169440.0,,17.0,14,Call Me by Your Name- Debut,1.0,Trade Paperback Fiction
293,Sy Montgomery,9781451697728.0,,16.0,14,The Soul of an Octopus,26.0,Trade Paperback Nonfiction
294,Lois Lowry,9780544340688.0,,9.99,14,The Giver,,Young Adult
295,Raina Telgemeier,9780545540629.0,,10.99,15,Ghosts,,Early & Middle
296,Mohsin Hamid,9780735212176.0,11.0,26.0,15,Exit West,12.0,Hardcover Fiction
297,Ta-Nehisi Coates,9780399590566.0,12.0,28.0,15,We Were Eight Years in Power,15.0,Hardcover Nonfiction
298,B.A. Paris,9781250132369.0,14.0,16.99,15,Behind Closed Doors,27.0,Trade Paperback Fiction
299,Robert Moor,9781476739236.0,13.0,16.0,15,On Trails,28.0,Trade Paperback Nonfiction
300,Robin Benway,9780062330628.0,,17.99,15,Far From the Tree,,Young Adult
301,Madeleine L'Engle,9781250153272.0,,8.99,1,A Wrinkle in Time,,Early & Middle
302,A.J. Finn,9780062678416.0,3.0,26.99,1,The Woman in the Window,3.0,Hardcover Fiction
303,Michael Wolff,9781250158062.0,1.0,30.0,1,Fire and Fury,3.0,Hardcover Nonfiction
304,Lee Child,9780399593598.0,1.0,9.99,1,No Middle Name,3.0,Mass Market
305,Min Jin Lee,9781455563920.0,1.0,15.99,1,Pachinko,10.0,Trade Paperback Fiction
306,Jen Sincero,9780762447695.0,1.0,16.0,1,You Are a Badass,131.0,Trade Paperback Nonfiction
307,John Green,9780525555360.0,,19.99,1,Turtles All the Way Down,,Young Adult
308,R.J. Palacio,9781524720193.0,,16.99,2,Wonder,,Early & Middle
309,Chloe Benjamin,9780735213180.0,2.0,26.0,2,The Immortalists,2.0,Hardcover Fiction
310,Neil deGrasse Tyson,9780393609394.0,2.0,18.95,2,Astrophysics for People in a Hurry,38.0,Hardcover Nonfiction
311,John Grisham,9781101967683.0,3.0,9.99,2,The Whistler,28.0,Mass Market
312,Jessica Shattuck,9780062563675.0,2.0,16.99,2,The Women in the Castle,3.0,Trade Paperback Fiction
313,Doug Stanton,9781501178511.0,5.0,18.0,2,12 Strong,4.0,Trade Paperback Nonfiction
314,Angie Thomas,9780062498533.0,,17.99,2,The Hate U Give,,Young Adult
315,Raina Telgemeier,9780545326995.0,,10.99,3,Drama,,Early & Middle
316,Jesmyn Ward,9781501126062.0,1.0,26.0,3,"Sing, Unburied, Sing",16.0,Hardcover Fiction
317,Mark Manson,9780062457714.0,3.0,24.99,3,The Subtle Art of Not Giving A F*ck,42.0,Hardcover Nonfiction
318,Michael Crichton,9780062473363.0,2.0,9.99,3,Dragon Teeth,8.0,Mass Market
319,Anthony Doerr,9781501173219.0,4.0,17.0,3,All the Light We Cannot See,42.0,Trade Paperback Fiction
320,Peter Frankopan,9781101912379.0,2.0,20.0,3,The Silk Roads,8.0,Trade Paperback Nonfiction
321,Philip Pullman,9780375815300.0,,22.99,3,The Book of Dust: La Belle Sauvage,,Young Adult
322,R.J. Palacio,9781101934852.0,,16.99,4,Auggie & Me,,Early & Middle
323,Celeste Ng,9780735224292.0,4.0,27.0,4,Little Fires Everywhere,19.0,Hardcover Fiction
324,Walter Isaacson,9781501139154.0,4.0,35.0,4,Leonardo da Vinci,14.0,Hardcover Nonfiction
325,James Patterson,9781478944782.0,4.0,9.99,4,Never Never,4.0,Mass Market
326,Margaret Atwood,9780525435006.0,3.0,15.95,4,The Handmaid's Tale,39.0,Trade Paperback Fiction
327,Douglas J. Preston,9781455540013.0,3.0,15.99,4,The Lost City of the Monkey God,19.0,Trade Paperback Nonfiction
328,Holly Black,9780316310277.0,,18.99,4,The Cruel Prince,,Young Adult
329,Kimberly Brubaker Bradley,9780147510488.0,,8.99,5,The War That Saved My Life,,Early & Middle
330,Amor Towles,9780670026197.0,5.0,27.0,5,A Gentleman in Moscow,72.0,Hardcover Fiction
331,Tiffany Haddish,9781501181825.0,5.0,26.0,5,The Last Black Unicorn,4.0,Hardcover Nonfiction
332,Doug Stanton,9781501179952.0,5.0,9.99,5,12 Strong,4.0,Mass Market
333,Ruth Ware,9781501132957.0,5.0,16.0,5,The Woman in Cabin 10,41.0,Trade Paperback Fiction
334,Atul Gawande,9781250076229.0,4.0,16.0,5,Being Mortal,20.0,Trade Paperback Nonfiction
335,Nicola Yoon,9781524769604.0,,10.99,5,"Everything, Everything (An Indies Introduce Title)",,Young Adult
336,Vashti Harrison,9780316475112.0,,16.99,6,Little Leaders: Bold Women in Black History,,Early & Middle
337,Dan Brown,9780385514231.0,6.0,29.95,6,Origin,16.0,Hardcover Fiction
338,Ray Dalio,9781501124020.0,9.0,30.0,6,Principles,9.0,Hardcover Nonfiction
339,Steve Berry,9781250058461.0,7.0,9.99,6,The Lost Order,2.0,Mass Market
340,Rupi Kaur,9781449486792.0,6.0,16.99,6,The Sun and Her Flowers,16.0,Trade Paperback Fiction
341,Jonah Berger,9781476759739.0,6.0,16.0,6,Invisible Influence,31.0,Trade Paperback Nonfiction
342,John Green,9780142424179.0,,12.99,6,The Fault in Our Stars,,Young Adult
343,Kelly Barnhill,9781616205676.0,,16.95,7,The Girl Who Drank the Moon,,Early & Middle
344,Andy Weir,9780553448122.0,7.0,27.0,7,Artemis,10.0,Hardcover Fiction
345,Mary Beard,9781631494758.0,6.0,15.95,7,Women & Power,6.0,Hardcover Nonfiction
346,Agatha Christie,9780062693662.0,9.0,9.99,7,Murder on the Orient Express,12.0,Mass Market
347,Ernest Cline,9780307887443.0,8.0,16.0,7,Ready Player One,24.0,Trade Paperback Fiction
348,Harvard Business School Press,9781633690196.0,9.0,24.95,7,HBR's 10 Must Reads on Emotional Intelligence,73.0,Trade Paperback Nonfiction
349,Marissa Meyer,9781250044662.0,,19.99,7,Renegades,,Young Adult
350,Victoria Jamieson,9780525429999.0,,12.99,8,All's Faire in Middle School,,Early & Middle
351,Jennifer Egan,9781476716732.0,8.0,27.0,8,Manhattan Beach,16.0,Hardcover Fiction
352,Daniel H. Pink,9780735210622.0,13.0,28.0,8,When: The Scientific Secrets of Perfect Timing,2.0,Hardcover Nonfiction
353,Michael Connelly,9781455524204.0,,9.99,8,The Wrong Side of Goodbye,8.0,Mass Market
354,Martha Hall Kelly,9781101883082.0,11.0,17.0,8,Lilac Girls,47.0,Trade Paperback Fiction
355,Matthew Desmond,9780553447453.0,8.0,17.0,8,Evicted,36.0,Trade Paperback Nonfiction
356,Markus Zusak,9780385754729.0,,12.99,8,The Book Thief,,Young Adult
357,Raina Telgemeier,9780545132060.0,,10.99,9,Smile,,Early & Middle
358,Greer Hendricks,9781250130921.0,12.0,26.99,9,The Wife Between Us,2.0,Hardcover Fiction
359,David Cay Johnston,9781501174162.0,,28.0,9,It's Even Worse Than You Think: What the Trump Administration Is Doing to America,1.0,Hardcover Nonfiction
360,Liane Moriarty,9780451490049.0,6.0,9.99,9,The Husband's Secret,27.0,Mass Market
361,Rupi Kaur,9781449474256.0,7.0,14.99,9,Milk and Honey,72.0,Trade Paperback Fiction
362,Timothy Snyder,9780804190114.0,7.0,7.99,9,On Tyranny,45.0,Trade Paperback Nonfiction
363,Lois Lowry,9780544340688.0,,9.99,9,The Giver,,Young Adult
364,Raina Telgemeier,9780545540605.0,,10.99,10,Sisters,,Early & Middle
365,John Grisham,9780385541176.0,11.0,28.95,10,The Rooster Bar,13.0,Hardcover Fiction
366,J.D. Vance,9780062300546.0,10.0,27.99,10,Hillbilly Elegy,73.0,Hardcover Nonfiction
367,Liane Moriarty,9780451490445.0,8.0,9.99,10,What Alice Forgot,3.0,Mass Market
368,Georgia Hunter,9780399563096.0,9.0,16.0,10,We Were the Lucky Ones,3.0,Trade Paperback Fiction
369,Michael Lewis,9780393354775.0,12.0,16.95,10,The Undoing Project,12.0,Trade Paperback Nonfiction
370,Veronica Roth,9780062348647.0,,12.99,10,Carve the Mark,,Young Adult
371,Pete Souza,9780316514392.0,,21.99,11,Dream Big Dreams: Photographs from Barack Obama's Inspiring and Historic Presidency,,Early & Middle
372,Naomi Alderman,9780316547611.0,10.0,26.0,11,The Power,3.0,Hardcover Fiction
373,Joe Biden,9781250171672.0,8.0,27.0,11,"Promise Me, Dad",10.0,Hardcover Nonfiction
374,Shari Lapena,9780735221109.0,10.0,16.0,11,The Couple Next Door,34.0,Trade Paperback Fiction
375,Harvard Business School Press,9781422157992.0,11.0,24.95,11,HBR's 10 Must Reads on Managing Yourself,53.0,Trade Paperback Nonfiction
376,Robin Benway,9780062330628.0,,17.99,11,Far From the Tree,,Young Adult
377,Kimberly Brubaker Bradley,9780525429203.0,,16.99,12,The War I Finally Won,,Early & Middle
378,Denis Johnson,9780812988635.0,,27.0,12,The Largesse of the Sea Maiden- Debut,1.0,Hardcover Fiction
379,The Dalai Lama,9780399185045.0,11.0,26.0,12,The Book of Joy,44.0,Hardcover Nonfiction
380,Peter Heller,9781101973486.0,13.0,16.0,12,Celine,2.0,Trade Paperback Fiction
381,Alexandra Horowitz,9781476796024.0,10.0,17.0,12,Being a Dog,14.0,Trade Paperback Nonfiction
382,Marie Lu,9780399547966.0,,18.99,12,Warcross,,Young Adult
383,Katherine Applegate,9781250043221.0,,16.99,13,Wishtree,,Early & Middle
384,George Saunders,9780812995343.0,9.0,28.0,13,Lincoln in the Bardo,38.0,Hardcover Fiction
385,Brene Brown,9780812995848.0,12.0,28.0,13,Braving the Wilderness,10.0,Hardcover Nonfiction
386,Andre Aciman,9781250169440.0,14.0,17.0,13,Call Me by Your Name,2.0,Trade Paperback Fiction
387,Joan Didion,9780525434191.0,13.0,15.0,13,South and West,2.0,Trade Paperback Nonfiction
388,Ruta Sepetys,9780142423622.0,,10.99,13,Salt to the Sea,,Young Adult
389,Raina Telgemeier,9780545540629.0,,10.99,14,Ghosts,,Early & Middle
390,Lee Child,9780399593482.0,13.0,28.99,14,The Midnight Line,11.0,Hardcover Fiction
391,David Grann,9780385534246.0,14.0,28.95,14,Killers of the Flower Moon,29.0,Hardcover Nonfiction
392,B.A. Paris,9781250132369.0,15.0,16.99,14,Behind Closed Doors,28.0,Trade Paperback Fiction
393,Chimamanda Ngozi Adichie,9781101911761.0,,7.95,14,We Should All Be Feminists,79.0,Trade Paperback Nonfiction
394,John Green,9780525428022.0,,19.99,14,Looking for Alaska,,Young Adult
395,Jessica Townsend,9780316508889.0,,17.99,15,Nevermoor: The Trials of Morrigan Crow (An Indies Introduce Title),,Early & Middle
396,Mohsin Hamid,9780735212176.0,15.0,26.0,15,Exit West,13.0,Hardcover Fiction
397,Ron Chernow,9781594204876.0,7.0,40.0,15,Grant,15.0,Hardcover Nonfiction
398,Leeila Slimani,9780143132172.0,,16.0,15,The Perfect Nanny,1.0,Trade Paperback Fiction
399,Ben Macintyre,9781101904183.0,,16.0,15,Rogue Heroes,17.0,Trade Paperback Nonfiction
400,Karen M. McManus,9781524714680.0,,17.99,15,One of Us Is Lying,,Young Adult
401,Pierce Brown,9780425285916.0,,28.0,16,Iron Gold,,Hardcover Fiction
402,Madeleine L'Engle,9781250153272.0,,8.99,1,A Wrinkle in Time,,Early & Middle
403,Chloe Benjamin,9780735213180.0,2.0,26.0,1,The Immortalists,3.0,Hardcover Fiction
404,Michael Wolff,9781250158062.0,1.0,30.0,1,Fire and Fury,4.0,Hardcover Nonfiction
405,Lee Child,9780399593598.0,1.0,9.99,1,No Middle Name,4.0,Mass Market
406,Min Jin Lee,9781455563920.0,1.0,15.99,1,Pachinko,11.0,Trade Paperback Fiction
407,Jen Sincero,9780762447695.0,1.0,16.0,1,You Are a Badass,132.0,Trade Paperback Nonfiction
408,John Green,9780525555360.0,,19.99,1,Turtles All the Way Down,,Young Adult
409,R.J. Palacio,9781524720193.0,,16.99,2,Wonder,,Early & Middle
410,A.J. Finn,9780062678416.0,1.0,26.99,2,The Woman in the Window,4.0,Hardcover Fiction
411,Neil deGrasse Tyson,9780393609394.0,2.0,18.95,2,Astrophysics for People in a Hurry,39.0,Hardcover Nonfiction
412,John Grisham,9781101967683.0,2.0,9.99,2,The Whistler,29.0,Mass Market
413,Jessica Shattuck,9780062563675.0,2.0,16.99,2,The Women in the Castle,4.0,Trade Paperback Fiction
414,Doug Stanton,9781501178511.0,2.0,18.0,2,12 Strong,5.0,Trade Paperback Nonfiction
415,Angie Thomas,9780062498533.0,,17.99,2,The Hate U Give,,Young Adult
416,R.J. Palacio,9781101934852.0,,16.99,3,Auggie & Me,,Early & Middle
417,Amor Towles,9780670026197.0,5.0,27.0,3,A Gentleman in Moscow,73.0,Hardcover Fiction
418,Mark Manson,9780062457714.0,3.0,24.99,3,The Subtle Art of Not Giving A F*ck,43.0,Hardcover Nonfiction
419,Michael Crichton,9780062473363.0,3.0,9.99,3,Dragon Teeth,9.0,Mass Market
420,Anthony Doerr,9781501173219.0,3.0,17.0,3,All the Light We Cannot See,43.0,Trade Paperback Fiction
421,Peter Frankopan,9781101912379.0,3.0,20.0,3,The Silk Roads,9.0,Trade Paperback Nonfiction
422,Philip Pullman,9780375815300.0,,22.99,3,The Book of Dust: La Belle Sauvage,,Young Adult
423,Kimberly Brubaker Bradley,9780147510488.0,,8.99,4,The War That Saved My Life,,Early & Middle
424,Celeste Ng,9780735224292.0,4.0,27.0,4,Little Fires Everywhere,20.0,Hardcover Fiction
425,Walter Isaacson,9781501139154.0,4.0,35.0,4,Leonardo da Vinci,15.0,Hardcover Nonfiction
426,Doug Stanton,9781501179952.0,5.0,9.99,4,12 Strong,5.0,Mass Market
427,Georgia Hunter,9780399563096.0,10.0,16.0,4,We Were the Lucky Ones,4.0,Trade Paperback Fiction
428,Douglas J. Preston,9781455540013.0,4.0,15.99,4,The Lost City of the Monkey God,20.0,Trade Paperback Nonfiction
429,Holly Black,9780316310277.0,,18.99,4,The Cruel Prince,,Young Adult
430,Kelly Barnhill,9781616205676.0,,16.95,5,The Girl Who Drank the Moon,,Early & Middle
431,Jesmyn Ward,9781501126062.0,3.0,26.0,5,"Sing, Unburied, Sing",17.0,Hardcover Fiction
432,Tiffany Haddish,9781501181825.0,5.0,26.0,5,The Last Black Unicorn,5.0,Hardcover Nonfiction
433,James Patterson,9781478944782.0,4.0,9.99,5,Never Never,5.0,Mass Market
434,Ruth Ware,9781501132957.0,5.0,16.0,5,The Woman in Cabin 10,42.0,Trade Paperback Fiction
435,Atul Gawande,9781250076229.0,5.0,16.0,5,Being Mortal,21.0,Trade Paperback Nonfiction
436,Nicola Yoon,9781524769604.0,,10.99,5,"Everything, Everything",,Young Adult
437,Raina Telgemeier,9780545326995.0,,10.99,6,Drama,,Early & Middle
438,Dan Brown,9780385514231.0,6.0,29.95,6,Origin,17.0,Hardcover Fiction
439,J.D. Vance,9780062300546.0,10.0,27.99,6,Hillbilly Elegy,74.0,Hardcover Nonfiction
440,Ursula K. Le Guin,9780441478125.0,,9.99,6,The Left Hand of Darkness,1.0,Mass Market
441,Margaret Atwood,9780525435006.0,4.0,15.95,6,The Handmaid's Tale,40.0,Trade Paperback Fiction
442,Jonah Berger,9781476759739.0,6.0,16.0,6,Invisible Influence,32.0,Trade Paperback Nonfiction
443,Markus Zusak,9780385754729.0,,12.99,6,The Book Thief,,Young Adult
444,Vashti Harrison,9780316475112.0,,16.99,7,Little Leaders: Bold Women in Black History,,Early & Middle
445,Andy Weir,9780553448122.0,7.0,27.0,7,Artemis,11.0,Hardcover Fiction
446,Steven Levitsky,9781524762933.0,,26.0,7,How Democracies Die,1.0,Hardcover Nonfiction
447,Liane Moriarty,9780451490049.0,9.0,9.99,7,The Husband's Secret,28.0,Mass Market
448,Rupi Kaur,9781449486792.0,6.0,16.99,7,The Sun and Her Flowers,17.0,Trade Paperback Fiction
449,Harvard Business School Press,9781422157992.0,11.0,24.95,7,HBR's 10 Must Reads on Managing Yourself,54.0,Trade Paperback Nonfiction
450,Marissa Meyer,9781250044662.0,,19.99,7,Renegades,,Young Adult
451,Raina Telgemeier,9780545132060.0,,10.99,8,Smile,,Early & Middle
452,Jennifer Egan,9781476716732.0,8.0,27.0,8,Manhattan Beach,17.0,Hardcover Fiction
453,The Dalai Lama,9780399185045.0,12.0,26.0,8,The Book of Joy,45.0,Hardcover Nonfiction
454,Steve Berry,9781250058461.0,6.0,9.99,8,The Lost Order,3.0,Mass Market
455,Ernest Cline,9780307887443.0,7.0,16.0,8,Ready Player One,25.0,Trade Paperback Fiction
456,Harvard Business School Press,9781633690196.0,7.0,24.95,8,HBR's 10 Must Reads on Emotional Intelligence,74.0,Trade Paperback Nonfiction
457,Sherman Alexie,9780316013697.0,,15.99,8,The Absolutely True Diary of a Part-Time Indian,,Young Adult
458,Katherine Applegate,9781250043221.0,,16.99,9,Wishtree,,Early & Middle
459,Naomi Alderman,9780316547611.0,11.0,26.0,9,The Power,4.0,Hardcover Fiction
460,Ray Dalio,9781501124020.0,6.0,30.0,9,Principles,10.0,Hardcover Nonfiction
461,Danielle Steel,9781101883938.0,,8.99,9,Against All Odds,1.0,Mass Market
462,Leeila Slimani,9780143132172.0,15.0,16.0,9,The Perfect Nanny,2.0,Trade Paperback Fiction
463,Alexandra Horowitz,9781476796024.0,12.0,17.0,9,Being a Dog,15.0,Trade Paperback Nonfiction
464,John Green,9780142424179.0,,12.99,9,The Fault in Our Stars,,Young Adult
465,Raina Telgemeier,9780545540629.0,,10.99,10,Ghosts,,Early & Middle
466,Greer Hendricks,9781250130921.0,9.0,26.99,10,The Wife Between Us,3.0,Hardcover Fiction
467,Daniel H. Pink,9780735210622.0,8.0,28.0,10,When,3.0,Hardcover Nonfiction
468,Liane Moriarty,9780451490445.0,10.0,9.99,10,What Alice Forgot,4.0,Mass Market
469,Martha Hall Kelly,9781101883082.0,8.0,17.0,10,Lilac Girls,48.0,Trade Paperback Fiction
470,Michael Lewis,9780393354775.0,10.0,16.95,10,The Undoing Project,13.0,Trade Paperback Nonfiction
471,Marie Lu,9780399547966.0,,18.99,10,Warcross,,Young Adult
472,Pete Souza,9780316514392.0,,21.99,11,Dream Big Dreams: Photographs from Barack Obama's Inspiring and Historic Presidency,,Early & Middle
473,John Grisham,9780385541176.0,10.0,28.95,11,The Rooster Bar,14.0,Hardcover Fiction
474,Margareta Magnusson,9781501173240.0,,18.99,11,The Gentle Art of Swedish Death Cleaning,2.0,Hardcover Nonfiction
475,Rupi Kaur,9781449474256.0,9.0,14.99,11,Milk and Honey,73.0,Trade Paperback Fiction
476,Matthew Desmond,9780553447453.0,8.0,17.0,11,Evicted,37.0,Trade Paperback Nonfiction
477,Lois Lowry,9780544340688.0,,9.99,11,The Giver,,Young Adult
478,Kimberly Brubaker Bradley,9780525429203.0,,16.99,12,The War I Finally Won,,Early & Middle
479,Denis Johnson,9780812988635.0,12.0,27.0,12,The Largesse of the Sea Maiden,2.0,Hardcover Fiction
480,Mary Beard,9781631494758.0,7.0,15.95,12,Women & Power,7.0,Hardcover Nonfiction
481,Shari Lapena,9780735221109.0,11.0,16.0,12,The Couple Next Door,35.0,Trade Paperback Fiction
482,Timothy Snyder,9780804190114.0,9.0,7.99,12,On Tyranny,46.0,Trade Paperback Nonfiction
483,Ruta Sepetys,9780142423622.0,,10.99,12,Salt to the Sea,,Young Adult
484,R.J. Palacio,9780399559181.0,,9.99,13,365 Days of Wonder: Mr. Browne's Precepts,,Early & Middle
485,George Saunders,9780812995343.0,13.0,28.0,13,Lincoln in the Bardo,39.0,Hardcover Fiction
486,Ron Chernow,9781594204876.0,15.0,40.0,13,Grant,16.0,Hardcover Nonfiction
487,Andre Aciman,9781250169440.0,13.0,17.0,13,Call Me by Your Name,3.0,Trade Paperback Fiction
488,Ben Macintyre,9781101904183.0,15.0,16.0,13,Rogue Heroes,18.0,Trade Paperback Nonfiction
489,David Levithan,9780307931894.0,,9.99,13,Every Day,,Young Adult
490,Jessica Townsend,9780316508889.0,,17.99,14,Nevermoor: The Trials of Morrigan Crow (An Indies Introduce Title),,Early & Middle
491,Mary Oliver,9780399563249.0,,30.0,14,Devotions,11.0,Hardcover Fiction
492,Joe Biden,9781250171672.0,11.0,27.0,14,"Promise Me, Dad",11.0,Hardcover Nonfiction
493,B.A. Paris,9781250132369.0,14.0,16.99,14,Behind Closed Doors,29.0,Trade Paperback Fiction
494,Sy Montgomery,9781451697728.0,,16.0,14,The Soul of an Octopus,27.0,Trade Paperback Nonfiction
495,Karen M. McManus,9781524714680.0,,17.99,14,One of Us Is Lying,,Young Adult
496,Victoria Jamieson,9780525429999.0,,12.99,15,All's Faire in Middle School,,Early & Middle
497,John le Carré,9780735225114.0,,28.0,15,A Legacy of Spies,15.0,Hardcover Fiction
498,David Grann,9780385534246.0,14.0,28.95,15,Killers of the Flower Moon,30.0,Hardcover Nonfiction
499,Peter Heller,9781101973486.0,12.0,16.0,15,Celine,3.0,Trade Paperback Fiction
500,Joan Didion,9780525434191.0,13.0,15.0,15,South and West,3.0,Trade Paperback Nonfiction
501,Nicola Yoon,9780553496680.0,,18.99,15,The Sun Is Also a Star,,Young Adult
502, Madeleine L'Engle ,  9781250153272,,8.99  ,1,A Wrinkle in Time ,,Early & Middle
503, R.J. Palacio ,  9781524720193,,16.99  ,2,Wonder ,,Early & Middle
504, Kelly Barnhill ,  9781616205676,,16.95  ,3,The Girl Who Drank the Moon ,,Early & Middle
505, Vashti Harrison ,  9780316475112,,16.99  ,4,Little Leaders: Bold Women in Black History ,,Early & Middle
506, Kimberly Brubaker Bradley ,  9780147510488,,8.99  ,5,The War That Saved My Life ,,Early & Middle
507, R.J. Palacio ,  9781101934852,,16.99  ,6,Auggie & Me ,,Early & Middle
508, Raina Telgemeier ,  9780545540605,,10.99  ,7,Sisters ,,Early & Middle
509, Raina Telgemeier ,  9780545132060,,10.99  ,8,Smile ,,Early & Middle
510, Victoria Jamieson ,  9780525429999,,12.99  ,9,All's Faire in Middle School ,,Early & Middle
511, Kimberly Brubaker Bradley ,  9780525429203,,16.99  ,10,The War I Finally Won ,,Early & Middle
512, Raina Telgemeier ,  9780545326995,,10.99  ,11,Drama ,,Early & Middle
513, Katherine Applegate ,  9781250043221,,16.99  ,12,Wishtree ,,Early & Middle
514, Pete Souza ,  9780316514392,,21.99  ,13,Dream Big Dreams: Photographs from Barack Obama's Inspiring and Historic Presidency ,,Early & Middle
515, Katherine Applegate ,  9780061992278,,7.99  ,14,The One and Only Ivan ,,Early & Middle
516, Gary Paulsen ,  9781481486293,,9.99  ,15,Hatchet ,,Early & Middle
517, A.J. Finn ,  9780062678416,2,26.99  ,1,The Woman in the Window ,5,Hardcover Fiction
518, Chloe Benjamin ,  9780735213180,1,26.00  ,2,The Immortalists ,4,Hardcover Fiction
519, Amor Towles ,  9780670026197,3,27.00  ,3,A Gentleman in Moscow ,74,Hardcover Fiction
520, Jesmyn Ward ,  9781501126062,5,26.00  ,4,"Sing, Unburied, Sing ",18,Hardcover Fiction
521, Celeste Ng ,  9780735224292,4,27.00  ,5,Little Fires Everywhere ,21,Hardcover Fiction
522, Jojo Moyes ,  9780399562457,,27.00  ,6,Still Me ,1,Hardcover Fiction
523, Dan Brown ,  9780385514231,6,29.95  ,7,Origin ,18,Hardcover Fiction
524, Greer Hendricks ,  9781250130921,10,26.99  ,8,The Wife Between Us ,4,Hardcover Fiction
525, Naomi Alderman ,  9780316547611,9,26.00  ,9,The Power ,5,Hardcover Fiction
526, Jennifer Egan ,  9781476716732,8,27.00  ,10,Manhattan Beach ,18,Hardcover Fiction
527, Andy Weir ,  9780553448122,7,27.00  ,11,Artemis ,12,Hardcover Fiction
528, Denis Johnson ,  9780812988635,12,27.00  ,12,The Largesse of the Sea Maiden ,3,Hardcover Fiction
529, John Grisham ,  9780385541176,11,28.95  ,13,The Rooster Bar ,15,Hardcover Fiction
530, Alan Bradley ,  9780345539991,,26.00  ,14,The Grave's a Fine and Private Place ,1,Hardcover Fiction
531, George Saunders ,  9780812995343,13,28.00  ,15,Lincoln in the Bardo ,40,Hardcover Fiction
532, Michael Wolff ,  9781250158062,1,30.00  ,1,Fire and Fury ,5,Hardcover Nonfiction
533, Neil deGrasse Tyson ,  9780393609394,2,18.95  ,2,Astrophysics for People in a Hurry ,40,Hardcover Nonfiction
534, Mark Manson ,  9780062457714,3,24.99  ,3,The Subtle Art of Not Giving A F*ck ,44,Hardcover Nonfiction
535, Walter Isaacson ,  9781501139154,4,35.00  ,4,Leonardo da Vinci ,16,Hardcover Nonfiction
536, David Grann ,  9780385534246,15,28.95  ,5,Killers of the Flower Moon ,31,Hardcover Nonfiction
537, Daniel H. Pink ,  9780735210622,10,28.00  ,6,When ,4,Hardcover Nonfiction
538, Dave Eggers ,  9781101947319,,28.95  ,7,The Monk of Mokha ,1,Hardcover Nonfiction
539, Tiffany Haddish ,  9781501181825,5,26.00  ,8,The Last Black Unicorn ,6,Hardcover Nonfiction
540, Ray Dalio ,  9781501124020,9,30.00  ,9,Principles: Life and Work ,11,Hardcover Nonfiction
541, J.D. Vance ,  9780062300546,6,27.99  ,10,Hillbilly Elegy ,75,Hardcover Nonfiction
542, Steven Levitsky ,  9781524762933,7,26.00  ,11,How Democracies Die ,2,Hardcover Nonfiction
543, Mary Beard ,  9781631494758,12,15.95  ,12,Women & Power ,8,Hardcover Nonfiction
544, The Dalai Lama ,  9780399185045,8,26.00  ,13,The Book of Joy ,46,Hardcover Nonfiction
545, Margareta Magnusson ,  9781501173240,11,18.99  ,14,The Gentle Art of Swedish Death Cleaning ,3,Hardcover Nonfiction
546, Ron Chernow ,  9781594204876,13,40.00  ,15,Grant ,17,Hardcover Nonfiction
547, Lee Child ,  9780399593598,1,9.99  ,1,No Middle Name ,5,Mass Market
548, John Grisham ,  9781101967683,2,9.99  ,2,The Whistler ,30,Mass Market
549, Michael Crichton ,  9780062473363,3,9.99  ,3,Dragon Teeth ,10,Mass Market
550, James Patterson ,  9781478944782,5,9.99  ,4,Never Never ,6,Mass Market
551, Doug Stanton ,  9781501179952,4,9.99  ,5,12 Strong ,6,Mass Market
552, Danielle Steel ,  9781101883938,9,8.99  ,6,Against All Odds ,2,Mass Market
553, Brian Kilmeade ,  9780143131830,,9.99  ,7,Thomas Jefferson and the Tripoli Pirates- Debut ,1,Mass Market
554, Liane Moriarty ,  9780451490049,7,9.99  ,8,The Husband's Secret ,29,Mass Market
555, Liane Moriarty ,  9780451490445,10,9.99  ,9,What Alice Forgot ,5,Mass Market
556, Steve Berry ,  9781250058461,8,9.99  ,10,The Lost Order ,4,Mass Market
557, Colson Whitehead ,  9780345804327,,16.95  ,1,The Underground Railroad ,1,Trade Paperback Fiction
558, Min Jin Lee ,  9781455563920,1,15.99  ,2,Pachinko ,12,Trade Paperback Fiction
559, Jessica Shattuck ,  9780062563675,2,16.99  ,3,The Women in the Castle ,5,Trade Paperback Fiction
560, Anthony Doerr ,  9781501173219,3,17.00  ,4,All the Light We Cannot See ,44,Trade Paperback Fiction
561, Margaret Atwood ,  9780525435006,6,15.95  ,5,The Handmaid's Tale ,41,Trade Paperback Fiction
562, Georgia Hunter ,  9780399563096,4,16.00  ,6,We Were the Lucky Ones ,5,Trade Paperback Fiction
563, Ruth Ware ,  9781501132957,5,16.00  ,7,The Woman in Cabin 10 ,43,Trade Paperback Fiction
564, Rupi Kaur ,  9781449486792,7,16.99  ,8,The Sun and Her Flowers ,18,Trade Paperback Fiction
565, Leeila Slimani ,  9780143132172,9,16.00  ,9,The Perfect Nanny ,3,Trade Paperback Fiction
566, Martha Hall Kelly ,  9781101883082,10,17.00  ,10,Lilac Girls ,49,Trade Paperback Fiction
567, Shari Lapena ,  9780735221109,12,16.00  ,11,The Couple Next Door ,36,Trade Paperback Fiction
568, Andre Aciman ,  9781250169440,13,17.00  ,12,Call Me by Your Name ,4,Trade Paperback Fiction
569, Rupi Kaur ,  9781449474256,11,14.99  ,13,Milk and Honey ,74,Trade Paperback Fiction
570, Peter Heller ,  9781101973486,15,16.00  ,14,Celine ,4,Trade Paperback Fiction
571, B.A. Paris ,  9781250132369,14,16.99  ,15,Behind Closed Doors ,30,Trade Paperback Fiction
572, Jen Sincero ,  9780762447695,1,16.00  ,1,You Are a Badass ,133,Trade Paperback Nonfiction
573, Peter Frankopan ,  9781101912379,3,20.00  ,2,The Silk Roads ,10,Trade Paperback Nonfiction
574, Doug Stanton ,  9781501178511,2,18.00  ,3,12 Strong ,6,Trade Paperback Nonfiction
575, Douglas J. Preston ,  9781455540013,4,15.99  ,4,The Lost City of the Monkey God ,21,Trade Paperback Nonfiction
576, Atul Gawande ,  9781250076229,5,16.00  ,5,Being Mortal ,22,Trade Paperback Nonfiction
577, Harvard Business School Press ,  9781633690196,8,24.95  ,6,HBR's 10 Must Reads on Emotional Intelligence ,75,Trade Paperback Nonfiction
578, Jonah Berger ,  9781476759739,6,16.00  ,7,Invisible Influence ,33,Trade Paperback Nonfiction
579, Harvard Business School Press ,  9781422157992,7,24.95  ,8,HBR's 10 Must Reads on Managing Yourself ,55,Trade Paperback Nonfiction
580, Michael Lewis ,  9780393354775,10,16.95  ,9,The Undoing Project ,14,Trade Paperback Nonfiction
581, Matthew Desmond ,  9780553447453,11,17.00  ,10,Evicted ,38,Trade Paperback Nonfiction
582, Timothy Snyder ,  9780804190114,12,7.99  ,11,On Tyranny ,47,Trade Paperback Nonfiction
583, Alexandra Horowitz ,  9781476796024,9,17.00  ,12,Being a Dog ,16,Trade Paperback Nonfiction
584, Simon Sinek ,  9781591848011,,17.00  ,13,Leaders Eat Last: Why Some Teams Pull Together and Others Don't ,1,Trade Paperback Nonfiction
585, Sheelah Kolhatkar ,  9780812985795,,18.00  ,14,"Black Edge: Inside Information, Dirty Money, and the Quest to Bring Down the Most Wanted Man on Wall Street ",1,Trade Paperback Nonfiction
586, Simon Sinek ,  9781591846444,,16.00  ,15,Start With Why: How Great Leaders Inspire Everyone to Take Action ,1,Trade Paperback Nonfiction
587, Angie Thomas ,  9780062498533,,17.99  ,1,The Hate U Give ,,Young Adult
588, John Green ,  9780525555360,,19.99  ,2,Turtles All the Way Down ,,Young Adult
589, Melissa Albert ,  9781250147905,,16.99  ,3,The Hazel Wood ,,Young Adult
590, Philip Pullman ,  9780375815300,,22.99  ,4,The Book of Dust: La Belle Sauvage ,,Young Adult
591, Becky Albertalli ,  9780062792167,,10.99  ,5,Simon vs. the Homo Sapiens Agenda (Movie Tie-in Edition),,Young Adult
592, David Levithan ,  9780525581611,,10.99  ,6,Every Day ,,Young Adult
593, Ruta Sepetys ,  9780142423622,,10.99  ,7,Salt to the Sea ,,Young Adult
594, Holly Black ,  9780316310277,,18.99  ,8,The Cruel Prince ,,Young Adult
595, Markus Zusak ,  9780385754729,,12.99  ,9,The Book Thief ,,Young Adult
596, Marissa Meyer ,  9781250044662,,19.99  ,10,Renegades ,,Young Adult
597, Nicola Yoon ,  9781524769604,,10.99  ,11,"Everything, Everything ",,Young Adult
598, Nic Stone ,  9781101939499,,17.99  ,12,Dear Martin (An Indies Introduce Title) ,,Young Adult
599, Lois Lowry ,  9780544340688,,9.99  ,13,The Giver ,,Young Adult
600, Karen M. McManus ,  9781524714680,,17.99  ,14,One of Us Is Lying ,,Young Adult
601, John Green ,  9780142424179,,12.99  ,15,The Fault in Our Stars ,,Young Adult
602, Colson Whitehead ,  9780345804327,,16.95 ,1,The Underground Railroad ,,Trade Paperback Fiction
603, George Saunders ,  9780812985405,,17.00 ,2,Lincoln in the Bardo- Debut ,1,Trade Paperback Fiction
604, Min Jin Lee ,  9781455563920,,15.99 ,3,Pachinko ,,Trade Paperback Fiction
605, Jessica Shattuck ,  9780062563675,,16.99 ,4,The Women in the Castle ,,Trade Paperback Fiction
606, Ruth Ware ,  9781501132957,7,16.00 ,5,The Woman in Cabin 10 ,44,Trade Paperback Fiction
607, Georgia Hunter ,  9780399563096,,16.00 ,6,We Were the Lucky Ones ,,Trade Paperback Fiction
608, Fredrik Backman ,  9781501160776,,17.00 ,7,Beartown- Debut ,1,Trade Paperback Fiction
609, Anthony Doerr ,  9781501173219,4,17.00 ,8,All the Light We Cannot See ,45,Trade Paperback Fiction
610, Margaret Atwood ,  9780525435006,5,15.95 ,9,The Handmaid's Tale ,42,Trade Paperback Fiction
611, Ernest Cline ,  9780804190138,,16.00 ,10,Ready Player One ,1,Trade Paperback Fiction
612, Shari Lapena ,  9780735221109,11,16.00 ,11,The Couple Next Door ,37,Trade Paperback Fiction
613, Rupi Kaur ,  9781449486792,,16.99 ,12,The Sun and Her Flowers ,,Trade Paperback Fiction
614, Rupi Kaur ,  9781449474256,13,14.99 ,13,Milk and Honey ,75,Trade Paperback Fiction
615, Christina Baker Kline ,  9780062356277,,16.99 ,14,A Piece of the World ,1,Trade Paperback Fiction
616, Andre Aciman ,  9781250169440,,17.00 ,15,Call Me by Your Name ,,Trade Paperback Fiction
617, Jen Sincero ,  9780762447695,1,16.00 ,1,You Are a Badass ,134,Trade Paperback Nonfiction
618, Peter Frankopan ,  9781101912379,,20.00 ,2,The Silk Roads ,,Trade Paperback Nonfiction
619, Doug Stanton ,  9781501178511,,18.00 ,3,12 Strong ,,Trade Paperback Nonfiction
620, Jonah Berger ,  9781476759739,7,16.00 ,4,Invisible Influence ,34,Trade Paperback Nonfiction
621, Atul Gawande ,  9781250076229,,16.00 ,5,Being Mortal ,,Trade Paperback Nonfiction
622, Douglas J. Preston ,  9781455540013,,15.99 ,6,The Lost City of the Monkey God ,,Trade Paperback Nonfiction
623, Harvard Business School Press ,  9781633690196,6,24.95 ,7,HBR's 10 Must Reads on Emotional Intelligence ,76,Trade Paperback Nonfiction
624, Harvard Business School Press ,  9781422157992,8,24.95 ,8,HBR's 10 Must Reads on Managing Yourself ,56,Trade Paperback Nonfiction
625, Matthew Desmond ,  9780553447453,10,17.00 ,9,Evicted ,39,Trade Paperback Nonfiction
626, Michael Lewis ,  9780393354775,,16.95 ,10,The Undoing Project ,,Trade Paperback Nonfiction
627, Simon Sinek ,  9781591846444,15,16.00 ,11,Start With Why ,2,Trade Paperback Nonfiction
628, Simon Sinek ,  9781591848011,13,17.00 ,12,Leaders Eat Last ,2,Trade Paperback Nonfiction
629, Thich Nhat Hanh ,  9781937006884,,9.95 ,13,How to Love ,20,Trade Paperback Nonfiction
630, Sheelah Kolhatkar ,  9780812985795,14,18.00 ,14,Black Edge ,2,Trade Paperback Nonfiction
631, Alexandra Horowitz ,  9781476796024,,17.00 ,15,Being a Dog ,,Trade Paperback Nonfiction
632, Kristin Hannah ,  9780312577230,,28.99 ,1,The Great Alone ,1,Hardcover Fiction
633, Tayari Jones ,  9781616201340,,26.95 ,2,An American Marriage ,1,Hardcover Fiction
634, A.J. Finn ,  9780062678416,,26.99 ,3,The Woman in the Window ,,Hardcover Fiction
635, Amor Towles ,  9780670026197,3,27.00 ,4,A Gentleman in Moscow ,75,Hardcover Fiction
636, Chloe Benjamin ,  9780735213180,,26.00 ,5,The Immortalists ,,Hardcover Fiction
637, Celeste Ng ,  9780735224292,,27.00 ,6,Little Fires Everywhere ,,Hardcover Fiction
638, Jesmyn Ward ,  9781501126062,,26.00 ,7,"Sing, Unburied, Sing ",,Hardcover Fiction
639, Jojo Moyes ,  9780399562457,,27.00 ,8,Still Me ,,Hardcover Fiction
640, Dan Brown ,  9780385514231,,29.95 ,9,Origin ,,Hardcover Fiction
641, Greer Hendricks ,  9781250130921,,26.99 ,10,The Wife Between Us ,,Hardcover Fiction
642, Naomi Alderman ,  9780316547611,,26.00 ,11,The Power ,,Hardcover Fiction
643, John Grisham ,  9780385541176,13,28.95 ,12,The Rooster Bar ,16,Hardcover Fiction
644, Andy Weir ,  9780553448122,,27.00 ,13,Artemis ,,Hardcover Fiction
645, Jennifer Egan ,  9781476716732,,27.00 ,14,Manhattan Beach ,,Hardcover Fiction
646, Robert Harris ,  9780525520269,,27.95 ,15,Munich ,1,Hardcover Fiction
647, Michael Wolff ,  9781250158062,,30.00 ,1,Fire and Fury ,,Hardcover Nonfiction
648, Neil deGrasse Tyson ,  9780393609394,2,18.95 ,2,Astrophysics for People in a Hurry ,41,Hardcover Nonfiction
649, Mark Manson ,  9780062457714,3,24.99 ,3,The Subtle Art of Not Giving A F*ck ,45,Hardcover Nonfiction
650, Walter Isaacson ,  9781501139154,,35.00 ,4,Leonardo da Vinci ,,Hardcover Nonfiction
651, Tiffany Haddish ,  9781501181825,,26.00 ,5,The Last Black Unicorn ,,Hardcover Nonfiction
652, Dave Eggers ,  9781101947319,,28.95 ,6,The Monk of Mokha ,,Hardcover Nonfiction
653, David Grann ,  9780385534246,5,28.95 ,7,Killers of the Flower Moon ,32,Hardcover Nonfiction
654, Pete Souza ,  9780316512589,,50.00 ,8,Obama: An Intimate Portrait ,8,Hardcover Nonfiction
655, Ray Dalio ,  9781501124020,,30.00 ,9,Principles: Life and Work ,,Hardcover Nonfiction
656, Steven Levitsky ,  9781524762933,,26.00 ,10,How Democracies Die ,,Hardcover Nonfiction
657, J.D. Vance ,  9780062300546,10,27.99 ,11,Hillbilly Elegy ,76,Hardcover Nonfiction
658, Daniel H. Pink ,  9780735210622,,28.00 ,12,When: The Scientific Secrets of Perfect Timing ,,Hardcover Nonfiction
659, Steve Coll ,  9781594204586,,35.00 ,13,Directorate S: The C.I.A. and America's Secret Wars in Afghanistan and Pakistan ,1,Hardcover Nonfiction
660, The Dalai Lama ,  9780399185045,13,26.00 ,14,The Book of Joy ,47,Hardcover Nonfiction
661, Zadie Smith ,  9781594206252,,28.00 ,15,Feel Free: Essays ,1,Hardcover Nonfiction
662, Lee Child ,  9780399593598,,9.99 ,1,No Middle Name ,,Mass Market
663, Ernest Cline ,  9780804190145,,9.99 ,2,Ready Player One ,1,Mass Market
664, John Grisham ,  9781101967683,2,9.99 ,3,The Whistler ,31,Mass Market
665, James Patterson ,  9781478944782,,9.99 ,4,Never Never ,,Mass Market
666, Michael Crichton ,  9780062473363,,9.99 ,5,Dragon Teeth ,,Mass Market
667, Liane Moriarty ,  9780451490049,,9.99 ,6,The Husband's Secret ,,Mass Market
668, Danielle Steel ,  9781101883938,,8.99 ,7,Against All Odds ,,Mass Market
669, Brian Kilmeade ,  9780143131830,,9.99 ,8,Thomas Jefferson and the Tripoli Pirates ,,Mass Market
670, Liane Moriarty ,  9780451490445,,9.99 ,9,What Alice Forgot ,,Mass Market
671, Steve Berry ,  9781250058461,,9.99 ,10,The Lost Order ,,Mass Market
672, Madeleine L'Engle ,  9781250153272,,8.99 ,1,A Wrinkle in Time ,,Early & Middle
673, R.J. Palacio ,  9781524720193,,16.99 ,2,Wonder ,,Early & Middle
674, R.J. Palacio ,  9781101934852,,16.99 ,3,Auggie & Me ,,Early & Middle
675, Kelly Barnhill ,  9781616205676,,16.95 ,4,The Girl Who Drank the Moon ,,Early & Middle
676, Raina Telgemeier ,  9780545132060,,10.99 ,5,Smile ,,Early & Middle
677, Kimberly Brubaker Bradley ,  9780147510488,,8.99 ,6,The War That Saved My Life ,,Early & Middle
678, Raina Telgemeier ,  9780545326995,,10.99 ,7,Drama ,,Early & Middle
679, Kimberly Brubaker Bradley ,  9780525429203,,16.99 ,8,The War I Finally Won ,,Early & Middle
680, Katherine Applegate ,  9781250043221,,16.99 ,9,Wishtree ,,Early & Middle
681, Raina Telgemeier ,  9780545540605,,10.99 ,10,Sisters ,,Early & Middle
682, Raina Telgemeier ,  9780545540629,,10.99 ,11,Ghosts ,,Early & Middle
683, British Library ,  9781338267105,,19.99 ,12,Harry Potter: A Journey Through a History of Magic- Debut ,,Early & Middle
684, Katherine Applegate & Patricia Castelao (Illus.) ,  9780061992278,,7.99 ,13,The One and Only Ivan ,,Early & Middle
685, Pete Souza ,  9780316514392,,21.99 ,14,Dream Big Dreams: Photographs from Barack Obama's Inspiring and Historic Presidency ,,Early & Middle
686, Alan Gratz ,  9780545880831,,16.99 ,15,Refugee ,,Early & Middle
687, Angie Thomas ,  9780062498533,,17.99 ,1,The Hate U Give ,,Young Adult
688, John Green ,  9780525555360,,19.99 ,2,Turtles All the Way Down ,,Young Adult
689, Tamora Pierce ,  9780375847110,,18.99 ,3,Tempests and Slaughter ,,Young Adult
690, David Levithan ,  9780525581611,,10.99 ,4,Every Day ,,Young Adult
691, Melissa Albert ,  9781250147905,,16.99 ,5,The Hazel Wood ,,Young Adult
692, Philip Pullman ,  9780375815300,,22.99 ,6,The Book of Dust: La Belle Sauvage ,,Young Adult
693, Becky Albertalli ,  9780062792167,,10.99 ,7,Simon vs. the Homo Sapiens Agenda ,,Young Adult
694, Nicola Yoon ,  9781524769604,,10.99 ,8,"Everything, Everything ",,Young Adult
695, Holly Black ,  9780316310277,,18.99 ,9,The Cruel Prince ,,Young Adult
696, Markus Zusak ,  9780385754729,,12.99 ,10,The Book Thief ,,Young Adult
697, Karen M. McManus ,  9781524714680,,17.99 ,11,One of Us Is Lying ,,Young Adult
698, Ruta Sepetys ,  9780142423622,,10.99 ,12,Salt to the Sea ,,Young Adult
699, Lois Lowry ,  9780544340688,,9.99 ,13,The Giver ,,Young Adult
700, Dhonielle Clayton ,  9781484728499,,17.99 ,14,The Belles ,,Young Adult
701, Marissa Meyer ,  9781250044662,,19.99 ,15,Renegades ,,Young Adult
702, George Saunders ,  9780812985405,,17.00 ,1,Lincoln in the Bardo ,,Trade Paperback Fiction
703, Colson Whitehead ,  9780345804327,,16.95 ,2,The Underground Railroad ,,Trade Paperback Fiction
704, Fredrik Backman ,  9781501160776,,17.00 ,3,Beartown ,,Trade Paperback Fiction
705, Min Jin Lee ,  9781455563920,,15.99 ,4,Pachinko ,,Trade Paperback Fiction
706, Ruth Ware ,  9781501132957,5,16.00 ,5,The Woman in Cabin 10 ,45,Trade Paperback Fiction
707, Anthony Doerr ,  9781501173219,8,17.00 ,6,All the Light We Cannot See ,46,Trade Paperback Fiction
708, Georgia Hunter ,  9780399563096,,16.00 ,7,We Were the Lucky Ones ,,Trade Paperback Fiction
709, Ernest Cline ,  9780804190138,,16.00 ,8,Ready Player One ,,Trade Paperback Fiction
710, Jessica Shattuck ,  9780062563675,,16.99 ,9,The Women in the Castle ,,Trade Paperback Fiction
711, Margaret Atwood ,  9780525435006,9,15.95 ,10,The Handmaid's Tale ,43,Trade Paperback Fiction
712, Rupi Kaur ,  9781449486792,,16.99 ,11,The Sun and Her Flowers ,,Trade Paperback Fiction
713, Andre Aciman ,  9781250169440,15,17.00 ,12,Call Me by Your Name ,6,Trade Paperback Fiction
714, Rupi Kaur ,  9781449474256,13,14.99 ,13,Milk and Honey ,76,Trade Paperback Fiction
715, Shari Lapena ,  9780735221109,11,16.00 ,14,The Couple Next Door ,38,Trade Paperback Fiction
716, Leila Slimani ,  9780143132172,,16.00 ,15,The Perfect Nanny ,4,Trade Paperback Fiction
717, Jen Sincero ,  9780762447695,1,16.00 ,1,You Are a Badass ,135,Trade Paperback Nonfiction
718, Peter Frankopan ,  9781101912379,,20.00 ,2,The Silk Roads ,,Trade Paperback Nonfiction
719, Doug Stanton ,  9781501178511,,18.00 ,3,12 Strong ,,Trade Paperback Nonfiction
720, Jonah Berger ,  9781476759739,4,16.00 ,4,Invisible Influence ,35,Trade Paperback Nonfiction
721, Atul Gawande ,  9781250076229,,16.00 ,5,Being Mortal ,,Trade Paperback Nonfiction
722, Harvard Business School Press ,  9781633690196,7,24.95 ,6,HBR's 10 Must Reads on Emotional Intelligence ,77,Trade Paperback Nonfiction
723, Harvard Business School Press ,  9781422157992,8,24.95 ,7,HBR's 10 Must Reads on Managing Yourself ,57,Trade Paperback Nonfiction
724, Matthew Desmond ,  9780553447453,9,17.00 ,8,Evicted ,40,Trade Paperback Nonfiction
725, Thich Nhat Hanh ,  9781937006884,13,9.95 ,9,How to Love ,21,Trade Paperback Nonfiction
726, Sheelah Kolhatkar ,  9780812985795,14,18.00 ,10,Black Edge ,3,Trade Paperback Nonfiction
727, Douglas J. Preston ,  9781455540013,,15.99 ,11,The Lost City of the Monkey God ,,Trade Paperback Nonfiction
728, Simon Sinek ,  9781591846444,,16.00 ,12,Start With Why ,,Trade Paperback Nonfiction
729, Michael Lewis ,  9780393354775,,16.95 ,13,The Undoing Project ,,Trade Paperback Nonfiction
730, Timothy Snyder ,  9780804190114,,7.99 ,14,On Tyranny ,48,Trade Paperback Nonfiction
731, Chimamanda Ngozi Adichie ,  9781101911761,,7.95 ,15,We Should All Be Feminists ,80,Trade Paperback Nonfiction
732, Tayari Jones ,  9781616208776,,26.95 ,1,An American Marriage ,,Hardcover Fiction
733, Kristin Hannah ,  9780312577230,,28.99 ,2,The Great Alone ,,Hardcover Fiction
734, A.J. Finn ,  9780062678416,,26.99 ,3,The Woman in the Window ,,Hardcover Fiction
735, Celeste Ng ,  9780735224292,,27.00 ,4,Little Fires Everywhere ,,Hardcover Fiction
736, Amor Towles ,  9780670026197,4,27.00 ,5,A Gentleman in Moscow ,76,Hardcover Fiction
737, Chloe Benjamin ,  9780735213180,,26.00 ,6,The Immortalists ,,Hardcover Fiction
738, Jesmyn Ward ,  9781501126062,,26.00 ,7,"Sing, Unburied, Sing ",,Hardcover Fiction
739, Dan Brown ,  9780385514231,,29.95 ,8,Origin ,,Hardcover Fiction
740, Jojo Moyes ,  9780399562457,,27.00 ,9,Still Me ,,Hardcover Fiction
741, Naomi Alderman ,  9780316547611,,26.00 ,10,The Power ,,Hardcover Fiction
742, Jennifer Egan ,  9781476716732,14,27.00 ,11,Manhattan Beach ,20,Hardcover Fiction
743, Amy Bloom ,  9780812995664,,27.00 ,12,White Houses ,1,Hardcover Fiction
744, Greer Hendricks ,  9781250130921,,26.99 ,13,The Wife Between Us ,,Hardcover Fiction
745, John Grisham ,  9780385541176,,28.95 ,14,The Rooster Bar ,,Hardcover Fiction
746, Matt Haig ,  9780525522874,,26.00 ,15,How to Stop Time ,1,Hardcover Fiction
747, Michael Wolff ,  9781250158062,,30.00 ,1,Fire and Fury ,,Hardcover Nonfiction
748, Neil deGrasse Tyson ,  9780393609394,2,18.95 ,2,Astrophysics for People in a Hurry ,42,Hardcover Nonfiction
749, Mark Manson ,  9780062457714,3,24.99 ,3,The Subtle Art of Not Giving A F*ck ,46,Hardcover Nonfiction
750, Dave Eggers ,  9781101947319,,28.95 ,4,The Monk of Mokha ,,Hardcover Nonfiction
751, Tiffany Haddish ,  9781501181825,,26.00 ,5,The Last Black Unicorn ,,Hardcover Nonfiction
752, Steven Pinker ,  9780525427575,,35.00 ,6,"Enlightenment Now: The Case for Reason, Science, Humanism, and Progress ",1,Hardcover Nonfiction
753, Walter Isaacson ,  9781501139154,,35.00 ,7,Leonardo da Vinci ,,Hardcover Nonfiction
754, Jordan B. Peterson ,  9780345816023,,25.95 ,8,12 Rules for Life: An Antidote to Chaos ,1,Hardcover Nonfiction
755, J.D. Vance ,  9780062300546,11,27.99 ,9,Hillbilly Elegy ,77,Hardcover Nonfiction
756, The Dalai Lama ,  9780399185045,14,26.00 ,10,The Book of Joy ,48,Hardcover Nonfiction
757, Pete Souza ,  9780316512589,,50.00 ,11,Obama: An Intimate Portrait ,,Hardcover Nonfiction
758, David Grann ,  9780385534246,7,28.95 ,12,Killers of the Flower Moon ,33,Hardcover Nonfiction
759, Steven Levitsky ,  9781524762933,,26.00 ,13,How Democracies Die ,,Hardcover Nonfiction
760, Ray Dalio ,  9781501124020,,30.00 ,14,Principles ,,Hardcover Nonfiction
761, Daniel H. Pink ,  9780735210622,,28.00 ,15,When ,,Hardcover Nonfiction
762, Lee Child ,  9780399593598,,9.99 ,1,No Middle Name ,,Mass Market
763, Ernest Cline ,  9780804190145,,9.99 ,2,Ready Player One ,,Mass Market
764, John Grisham ,  9781101967683,3,9.99 ,3,The Whistler ,32,Mass Market
765, Michael Crichton ,  9780062473363,,9.99 ,4,Dragon Teeth ,,Mass Market
766, Liane Moriarty ,  9780451490049,6,9.99 ,5,The Husband's Secret ,31,Mass Market
767, James Patterson ,  9781478944782,,9.99 ,6,Never Never ,,Mass Market
768, Doug Stanton ,  9781501179952,,9.99 ,7,12 Strong ,7,Mass Market
769, Liane Moriarty ,  9780451490445,,9.99 ,8,What Alice Forgot ,,Mass Market
770, Danielle Steel ,  9781101883938,,8.99 ,9,Against All Odds ,,Mass Market
771, George Orwell ,  9780451524935,,9.99 ,10,1984 ,175,Mass Market
772, Madeleine L'Engle ,  9781250153272,,8.99 ,1,A Wrinkle in Time ,,Early & Middle
773, R.J. Palacio ,  9781524720193,,16.99 ,2,Wonder ,,Early & Middle
774, Kelly Barnhill ,  9781616205676,,16.95 ,3,The Girl Who Drank the Moon ,,Early & Middle
775, R.J. Palacio ,  9781101934852,,16.99 ,4,Auggie & Me ,,Early & Middle
776, Erin Entrada Kelly & Isabel Roxas (Illus.) ,  9780062414151,,16.99 ,5,"Hello, Universe ",,Early & Middle
777, Victoria Jamieson ,  9780525429999,,12.99 ,6,All's Faire in Middle School ,,Early & Middle
778, Raina Telgemeier ,  9780545326995,,10.99 ,7,Drama ,,Early & Middle
779, Raina Telgemeier ,  9780545540605,,10.99 ,8,Sisters ,,Early & Middle
780, Katherine Applegate ,  9781250043221,,16.99 ,9,Wishtree ,,Early & Middle
781, Kimberly Brubaker Bradley ,  9780147510488,,8.99 ,10,The War That Saved My Life ,,Early & Middle
782, Raina Telgemeier ,  9780545132060,,10.99 ,11,Smile ,,Early & Middle
783, Ronald L. Smith ,  9781484787649,,16.99 ,12,Black Panther: The Young Prince ,,Early & Middle
784, Jim McCann ,  9780316413206,,6.99 ,13,Marvel's Black Panther: The Junior Novel ,,Early & Middle
785, Raina Telgemeier ,  9780545540629,,10.99 ,14,Ghosts ,,Early & Middle
786, Victoria Jamieson ,  9780803740167,,12.99 ,15,Roller Girl ,,Early & Middle
787, Angie Thomas ,  9780062498533,,17.99 ,1,The Hate U Give ,,Young Adult
788, John Green ,  9780525555360,,19.99 ,2,Turtles All the Way Down ,,Young Adult
789, David Levithan ,  9780525581611,,10.99 ,3,Every Day ,,Young Adult
790, Becky Albertalli ,  9780062792167,,10.99 ,4,Simon vs. the Homo Sapiens Agenda ,,Young Adult
791, Tamora Pierce ,  9780375847110,,18.99 ,5,Tempests and Slaughter ,,Young Adult
792, Philip Pullman ,  9780375815300,,22.99 ,6,The Book of Dust: La Belle Sauvage ,,Young Adult
793, Jen Wang ,  9781626723634,,16.99 ,7,The Prince and the Dressmaker ,,Young Adult
794, Holly Black ,  9780316310277,,18.99 ,8,The Cruel Prince ,,Young Adult
795, Nina LaCour ,  9780525425892,,17.99 ,9,We Are Okay ,,Young Adult
796, Ruta Sepetys ,  9780142423622,,10.99 ,10,Salt to the Sea ,,Young Adult
797, Jason Reynolds ,  9781481438254,,17.99 ,11,Long Way Down ,,Young Adult
798, Nicola Yoon ,  9781524769604,,10.99 ,12,"Everything, Everything ",,Young Adult
799, John Green ,  9780142424179,,12.99 ,13,The Fault in Our Stars ,,Young Adult
800, Markus Zusak ,  9780385754729,,12.99 ,14,The Book Thief ,,Young Adult
801, Nic Stone ,  9781101939499,,17.99 ,15,Dear Martin ,,Young Adult
802, George Saunders ,  9780812985405,,17.00 ,1,Lincoln in the Bardo ,,Trade Paperback Fiction
803, Colson Whitehead ,  9780345804327,,16.95 ,2,The Underground Railroad ,,Trade Paperback Fiction
804, Min Jin Lee ,  9781455563920,,15.99 ,3,Pachinko ,,Trade Paperback Fiction
805, Fredrik Backman ,  9781501160776,,17.00 ,4,Beartown ,,Trade Paperback Fiction
806, Ernest Cline ,  9780804190138,,16.00 ,5,Ready Player One ,,Trade Paperback Fiction
807, Jessica Shattuck ,  9780062563675,,16.99 ,6,The Women in the Castle ,,Trade Paperback Fiction
808, Ruth Ware ,  9781501132957,5,16.00 ,7,The Woman in Cabin 10 ,46,Trade Paperback Fiction
809, Rupi Kaur ,  9781449486792,,16.99 ,8,The Sun and Her Flowers ,,Trade Paperback Fiction
810, Georgia Hunter ,  9780399563096,,16.00 ,9,We Were the Lucky Ones ,,Trade Paperback Fiction
811, Jodi Picoult ,  9780345544971,,17.00 ,10,Small Great Things ,1,Trade Paperback Fiction
812, Margaret Atwood ,  9780525435006,10,15.95 ,11,The Handmaid's Tale ,44,Trade Paperback Fiction
813, Anthony Doerr ,  9781501173219,6,17.00 ,12,All the Light We Cannot See ,47,Trade Paperback Fiction
814, Shari Lapena ,  9780735221109,14,16.00 ,13,The Couple Next Door ,39,Trade Paperback Fiction
815, Andre Aciman ,  9781250169440,,17.00 ,14,Call Me by Your Name ,,Trade Paperback Fiction
816, Rupi Kaur ,  9781449474256,13,14.99 ,15,Milk and Honey ,77,Trade Paperback Fiction
817, Jen Sincero ,  9780762447695,1,16.00 ,1,You Are a Badass ,136,Trade Paperback Nonfiction
818, Michael Finkel ,  9781101911532,,16.00 ,2,The Stranger in the Woods: The Extraordinary Story of the Last True Hermit ,1,Trade Paperback Nonfiction
819, Peter Frankopan ,  9781101912379,,20.00 ,3,The Silk Roads ,,Trade Paperback Nonfiction
820, Doug Stanton ,  9781501178511,,18.00 ,4,12 Strong ,,Trade Paperback Nonfiction
821, Jonah Berger ,  9781476759739,4,16.00 ,5,Invisible Influence ,36,Trade Paperback Nonfiction
822, Atul Gawande ,  9781250076229,,16.00 ,6,Being Mortal ,,Trade Paperback Nonfiction
823, Harvard Business School Press ,  9781633690196,6,24.95 ,7,HBR's 10 Must Reads on Emotional Intelligence ,78,Trade Paperback Nonfiction
824, Harvard Business School Press ,  9781422157992,7,24.95 ,8,HBR's 10 Must Reads on Managing Yourself ,58,Trade Paperback Nonfiction
825, Matthew Desmond ,  9780553447453,8,17.00 ,9,Evicted ,41,Trade Paperback Nonfiction
826, Timothy Snyder ,  9780804190114,14,7.99 ,10,On Tyranny ,49,Trade Paperback Nonfiction
827, Simon Sinek ,  9781591846444,,16.00 ,11,Start With Why ,,Trade Paperback Nonfiction
828, Simon Sinek ,  9781591848011,,17.00 ,12,Leaders Eat Last ,3,Trade Paperback Nonfiction
829, Michael Lewis ,  9780393354775,13,16.95 ,13,The Undoing Project ,17,Trade Paperback Nonfiction
830, Douglas J. Preston ,  9781455540013,,15.99 ,14,The Lost City of the Monkey God ,,Trade Paperback Nonfiction
831, Amy Goldstein ,  9781501102264,,16.00 ,15,Janesville: An American Story ,1,Trade Paperback Nonfiction
832, Tayari Jones ,  9781616208776,,26.95 ,1,An American Marriage ,,Hardcover Fiction
833, Kristin Hannah ,  9780312577230,,28.99 ,2,The Great Alone ,,Hardcover Fiction
834, A.J. Finn ,  9780062678416,,26.99 ,3,The Woman in the Window ,,Hardcover Fiction
835, Amor Towles ,  9780670026197,5,27.00 ,4,A Gentleman in Moscow ,77,Hardcover Fiction
836, Celeste Ng ,  9780735224292,,27.00 ,5,Little Fires Everywhere ,,Hardcover Fiction
837, Chloe Benjamin ,  9780735213180,,26.00 ,6,The Immortalists ,,Hardcover Fiction
838, Jesmyn Ward ,  9781501126062,,26.00 ,7,"Sing, Unburied, Sing ",,Hardcover Fiction
839, Naomi Alderman ,  9780316547611,,26.00 ,8,The Power ,,Hardcover Fiction
840, Jojo Moyes ,  9780399562457,,27.00 ,9,Still Me ,,Hardcover Fiction
841, Dan Brown ,  9780385514231,,29.95 ,10,Origin ,,Hardcover Fiction
842, Matt Haig ,  9780525522874,15,26.00 ,11,How to Stop Time ,2,Hardcover Fiction
843, Jennifer Egan ,  9781476716732,,27.00 ,12,Manhattan Beach ,,Hardcover Fiction
844, Amy Bloom ,  9780812995664,,27.00 ,13,White Houses ,,Hardcover Fiction
845, Lisa Halliday ,  9781501166761,,26.00 ,14,Asymmetry ,1,Hardcover Fiction
846, Andy Weir ,  9780553448122,,27.00 ,15,Artemis ,14,Hardcover Fiction
847, Michael Wolff ,  9781250158062,,30.00 ,1,Fire and Fury ,,Hardcover Nonfiction
848, Neil deGrasse Tyson ,  9780393609394,2,18.95 ,2,Astrophysics for People in a Hurry ,43,Hardcover Nonfiction
849, Mark Manson ,  9780062457714,3,24.99 ,3,The Subtle Art of Not Giving A F*ck ,47,Hardcover Nonfiction
850, Tara Westover ,  9780399590504,,28.00 ,4,Educated: A Memoir ,1,Hardcover Nonfiction
851, Steven Pinker ,  9780525427575,,35.00 ,5,Enlightenment Now ,,Hardcover Nonfiction
852, Walter Isaacson ,  9781501139154,,35.00 ,6,Leonardo da Vinci ,,Hardcover Nonfiction
853, Jordan B. Peterson ,  9780345816023,,25.95 ,7,12 Rules for Life ,,Hardcover Nonfiction
854, Tiffany Haddish ,  9781501181825,,26.00 ,8,The Last Black Unicorn ,,Hardcover Nonfiction
855, J.D. Vance ,  9780062300546,9,27.99 ,9,Hillbilly Elegy ,78,Hardcover Nonfiction
856, David Grann ,  9780385534246,12,28.95 ,10,Killers of the Flower Moon ,34,Hardcover Nonfiction
857, Ray Dalio ,  9781501124020,14,30.00 ,11,Principles ,14,Hardcover Nonfiction
858, Dave Eggers ,  9781101947319,,28.95 ,12,The Monk of Mokha ,,Hardcover Nonfiction
859, Pete Souza ,  9780316512589,,50.00 ,13,Obama: An Intimate Portrait ,,Hardcover Nonfiction
860, Marilynne Robinson ,  9780374282219,,27.00 ,14,What Are We Doing Here?: Essays ,1,Hardcover Nonfiction
861, Zadie Smith ,  9781594206252,,28.00 ,15,Feel Free ,2,Hardcover Nonfiction
862, Lee Child ,  9780399593598,,9.99 ,1,No Middle Name ,,Mass Market
863, Ernest Cline ,  9780804190145,,9.99 ,2,Ready Player One ,,Mass Market
864, John Grisham ,  9781101967683,3,9.99 ,3,The Whistler ,33,Mass Market
865, Jason Matthews ,  9781501168918,,9.99 ,4,Red Sparrow ,1,Mass Market
866, James Patterson ,  9781478944782,,9.99 ,5,Never Never ,,Mass Market
867, George Orwell ,  9780451524935,10,9.99 ,6,1984 ,176,Mass Market
868, Liane Moriarty ,  9780451490049,5,9.99 ,7,The Husband's Secret ,32,Mass Market
869, Michael Crichton ,  9780062473363,,9.99 ,8,Dragon Teeth ,,Mass Market
870, Danielle Steel ,  9781101883938,,8.99 ,9,Against All Odds ,,Mass Market
871, Liane Moriarty ,  9780451490445,,9.99 ,10,What Alice Forgot ,,Mass Market
872, Madeleine L'Engle ,  9781250153272,,8.99 ,1,A Wrinkle in Time ,,Early & Middle
873, R.J. Palacio ,  9781524720193,,16.99 ,2,Wonder ,,Early & Middle
874, R.J. Palacio ,  9781101934852,,16.99 ,3,Auggie & Me ,,Early & Middle
875, Kelly Barnhill ,  9781616205676,,16.95 ,4,The Girl Who Drank the Moon ,,Early & Middle
876, Raina Telgemeier ,  9780545326995,,10.99 ,5,Drama ,,Early & Middle
877, Kimberly Brubaker Bradley ,  9780147510488,,8.99 ,6,The War That Saved My Life ,,Early & Middle
878, Ronald L. Smith ,  9781484787649,,16.99 ,7,Black Panther: The Young Prince ,,Early & Middle
879, Raina Telgemeier ,  9780545540605,,10.99 ,8,Sisters ,,Early & Middle
880, Raina Telgemeier ,  9780545132060,,10.99 ,9,Smile ,,Early & Middle
881, Jim McCann ,  9780316413206,,6.99 ,10,Marvel's Black Panther: The Junior Novel ,,Early & Middle
882, Victoria Jamieson ,  9780525429999,,12.99 ,11,All's Faire in Middle School ,,Early & Middle
883, Kimberly Brubaker Bradley ,  9780525429203,,16.99 ,12,The War I Finally Won ,,Early & Middle
884, Raina Telgemeier ,  9780545540629,,10.99 ,13,Ghosts ,,Early & Middle
885, Erin Entrada Kelly ,  9780062414151,,16.99 ,14,"Hello, Universe ",,Early & Middle
886, Katherine Applegate ,  9781250043221,,16.99 ,15,Wishtree ,,Early & Middle
887, Angie Thomas ,  9780062498533,,17.99 ,1,The Hate U Give ,,Young Adult
888, John Green ,  9780525555360,,19.99 ,2,Turtles All the Way Down ,,Young Adult
889, David Levithan ,  9780525581611,,10.99 ,3,Every Day ,,Young Adult
890, Becky Albertalli ,  9780062792167,,10.99 ,4,Simon vs. the Homo Sapiens Agenda ,,Young Adult
891, Jen Wang ,  9781626723634,,16.99 ,5,The Prince and the Dressmaker ,,Young Adult
892, Philip Pullman ,  9780375815300,,22.99 ,6,The Book of Dust: La Belle Sauvage ,,Young Adult
893, Nicola Yoon ,  9781524769604,,10.99 ,7,"Everything, Everything ",,Young Adult
894, Tamora Pierce ,  9780375847110,,18.99 ,8,Tempests and Slaughter ,,Young Adult
895, Karen M. McManus ,  9781524714680,,17.99 ,9,One of Us Is Lying ,,Young Adult
896, Markus Zusak ,  9780385754729,,12.99 ,10,The Book Thief ,,Young Adult
897, Nic Stone ,  9781101939499,,17.99 ,11,Dear Martin ,,Young Adult
898, John Green ,  9780142424179,,12.99 ,12,The Fault in Our Stars ,,Young Adult
899, Marie Lu ,  9780399547966,,18.99 ,13,Warcross ,,Young Adult
900, Holly Black ,  9780316310277,,18.99 ,14,The Cruel Prince ,,Young Adult
901, Nicola Yoon ,  9780553496680,,18.99 ,15,The Sun Is Also a Star ,,Young Adult
